code,factory_id
5205-0302-00,
8010-0103-01,
8010-0203-01,
8010-0303-01,
8201-0101-00,
8201-0102-00,
8201-0201-00,
8203-0103-00,
8203-0303-00,
9002-0501-00,
9003-1959-00,
9004-0401-00,
9005-0133-00,
9005-0243-00,
9005-2121-00,
9006-0201-00,
9006-0211-00,
9006-0666-00,
9007-1138-00,
9151-0105-00,
9200-0283-00,
9231-0001-88,
9300-0028-00,
9300-0038-00,
9300-0101-00,
9700-0001-00,
9700-0005-00,
9812-2011-00,
9814-1041-00,
9218-0377-14,
7168-0105-00,
9022-0112-00,
9042-0105-00,
9022-0209-00,
9234-0223-00,
9235-0217-00,
9235-0222-00,
9235-0224-00,
9235-0246-00,
9235-0432-00,
9235-0434-00,
9234-0224-00,
9235-0212-00,
9235-0216-00,
9235-0218-00,
9234-0288-00,
9232-0222-00,
9234-0206-00,
9234-0207-00,
9234-0209-00,
9234-0412-00,
4006-0156-00,
4006-1213-01,
4006-1213-00,
4006-0153-00,
4006-0403-00,
4006-0115-00,
9021-0501-01,
9022-0113-00,
9022-0115-00,
9023-0101-01,
9023-0103-01,
9023-0104-01,
9023-0110-01,
9023-0113-00,
9023-0113-01,
9023-0115-01,
9023-0116-01,
9024-0108-00,
9023-0105-00,
9023-0102-00,
9021-0503-01,
9023-0113-10,
9019-0119-00,
9023-0110-00,
9023-0103-00,
9021-0401-00,
9021-0401-01,
9021-0501-00,
9024-0106-00,
9023-0101-00,
9023-0106-00,
9023-0104-00,
9022-0108-00,
9022-0109-00,
9022-0111-00,
9022-0104-00,
9021-0503-00,
9023-0129-00,
9022-1019-00,
9023-0402-00,
9024-0120-00,
9022-1015-00,
9022-0102-00,
9019-0120-00,
9019-0138-00,
9024-0112-00,
9023-0213-00,
8203-1003-00,
9021-0502-01,
9022-0114-00,
9022-1016-00,
9022-0118-00,
9022-0213-00,
9023-0201-01,
9023-0202-01,
9023-0204-01,
9023-0211-00,
9023-0205-00,
9023-0208-00,
9019-0121-00,
9019-0122-00,
9023-0215-00,
9024-1008-00,
9021-0402-00,
9021-0402-01,
9023-0302-00,
9023-0204-00,
9023-0202-00,
9023-0201-00,
9022-0215-00,
9022-0201-00,
9022-0202-00,
9022-0207-00,
9022-0208-00,
9022-0211-00,
9021-0504-00,
9021-0502-00,
9023-0211-01,
9023-0208-01,
8203-1006-00,
9023-0206-00,
9021-0504-01,
9001-0106-00,
9001-0107-00,
9001-1001-00,
9001-1213-00,
9001-1220-00,
9001-1222-00,
9001-0702-00,
9001-0903-00,
9001-1228-00,
9001-1236-00,
9002-0107-00,
9002-0113-00,
9002-0202-02,
9002-0204-02,
9002-0411-00,
9002-0503-00,
9002-0504-00,
9002-0507-00,
9002-0508-00,
9002-0511-00,
9002-0515-00,
9002-0602-02,
9002-0609-00,
9002-0702-00,
9002-1507-00,
9002-1534-00,
9002-1529-00,
9003-0601-00,
9003-0909-00,
9003-1598-00,
9003-1601-00,
9003-1602-00,
9003-1937-00,
9003-1941-00,
9003-1942-00,
9003-1943-00,
9003-1947-00,
9003-1952-00,
9003-1927-00,
9003-1934-00,
9003-1908-00,
9003-1956-00,
9003-1960-00,
9003-1962-00,
9003-1965-00,
9003-2004-00,
9003-2006-00,
9003-2010-00,
9003-2015-00,
9003-2016-00,
9003-2017-00,
9003-2018-00,
9003-2019-00,
9003-2024-00,
9003-2026-00,
9003-2032-00,
9003-2034-00,
9003-2041-00,
9003-2042-00,
9003-2043-00,
9003-2044-00,
9003-2045-00,
9003-2046-00,
9003-2048-00,
9003-2053-00,
9003-2054-00,
9003-2055-00,
9003-2059-00,
9003-2066-00,
9003-1973-00,
9003-1977-00,
9003-1978-00,
9003-1979-00,
9003-1998-00,
9004-0604-00,
9004-0617-00,
9004-0619-00,
9004-0631-00,
9004-0643-00,
9004-0644-00,
9004-0650-00,
9004-0653-00,
9004-0654-00,
9007-1210-00,
9029-0020-00,
9029-0033-00,
9029-0053-00,
9029-0054-00,
9029-0055-00,
9029-0056-00,
9029-0057-00,
9029-0058-00,
9029-0076-00,
9029-0078-00,
9029-0079-00,
9029-0006-00,
9029-0007-00,
9002-1102-00,
9003-2087-00,
9029-0109-00,
9002-1571-00,
9002-0306-00,
9029-0116-00,
9003-1599-00,
9003-2094-00,
9003-2102-00,
9003-2103-00,
9003-2105-00,
9003-2106-00,
9003-2109-00,
9003-2093-00,
9029-0127-00,
9003-1985-00,
9003-1968-00,
9003-2120-00,
9002-0517-00,
9029-0125-00,
9003-2122-00,
9003-2123-00,
9003-2124-00,
9004-0628-00,
9007-1221-00,
9001-1239-00,
9029-0036-00,
9003-1981-00,
9003-2138-00,
9003-2141-00,
9003-2142-00,
9003-2144-00,
9003-2145-00,
9003-2049-00,
9002-1602-00,
9002-1603-00,
9003-2126-00,
9003-2127-00,
9003-2128-00,
9003-2129-00,
9003-2021-00,
9029-0107-00,
9023-0127-01,
9034-0019-00,
9007-1218-00,
9034-0018-00,
9034-0021-00,
9029-0090-00,
9029-0091-00,
9034-0022-00,
9004-0651-00,
9003-2131-00,
9002-1604-00,
9003-2133-00,
9029-0135-00,
9003-2132-00,
9003-1984-00,
9003-2135-00,
9023-0143-00,
9003-2143-00,
9003-1989-00,
9003-2130-00,
9004-0634-00,
9001-0301-00,
9002-0601-02,
9002-0608-02,
9003-0602-00,
9003-0801-00,
9003-1905-00,
9004-0203-00,
9004-0204-00,
9004-0206-00,
9004-0501-00,
9004-0601-00,
9004-0205-00,
9004-0649-00,
9004-0630-00,
9004-0614-00,
9004-0615-00,
9004-0302-00,
9004-0611-00,
9001-1224-00,
9003-1801-00,
9003-0105-00,
9003-0908-00,
9001-0302-00,
9003-1958-00,
9003-2003-00,
9002-0201-02,
9003-2023-00,
9002-1530-00,
9002-0510-00,
9003-1936-00,
9004-0647-00,
9001-0104-00,
9029-0013-00,
9150-0222-00,
9151-0107-00,
9151-0110-00,
9151-0111-00,
9151-0113-00,
9151-0114-00,
9151-0115-00,
9151-0116-00,
9151-0117-00,
9151-0118-00,
9151-0118-HE,
9151-0119-00,
9151-0120-00,
9151-0121-00,
9151-0122-00,
9150-0226-00,
9150-0244-00,
9150-0245-00,
9151-0124-00,
9151-0124-HE,
9151-0125-00,
9151-0126-00,
9151-0129-00,
9151-0131-00,
9151-0134-00,
9151-0134-HE,
9151-0135-00,
9151-0136-00,
9151-0138-HE,
9151-0139-00,
9151-0139-HE,
9151-0144-00,
9151-0145-00,
9151-0148-00,
9151-0150-00,
9151-0151-00,
9151-0153-00,
9151-0202-00,
9151-0301-00,
9151-0303-00,
9151-0304-00,
9151-0305-00,
9151-0404-00,
9151-0405-00,
9151-0407-00,
9151-0408-00,
9151-0408-HE,
9151-0409-00,
9151-0409-HE,
9151-0410-00,
9151-0411-00,
9151-0411-HE,
9151-0503-00,
9151-0504-00,
9151-0506-00,
9151-0601-00,
9151-0606-00,
9151-0606-HE,
9151-0608-00,
9151-0701-00,
9151-0702-00,
9151-0801-00,
9151-0903-00,
9151-0904-00,
9151-0906-00,
9151-0915-00,
9151-0917-00,
9151-0922-00,
9151-0924-00,
9151-0926-00,
9151-0927-00,
9151-0931-00,
9151-0935-00,
9151-0947-00,
9154-0101-00,
9154-0102-00,
9154-0103-00,
9157-0914-00,
9157-0919-00,
9157-0927-00,
9157-0928-00,
9157-0929-00,
9157-0939-00,
9158-0001-00,
9158-0002-00,
9158-0030-00,
9158-0035-00,
9159-0001-00,
9216-0038-HE,
9151-0959-01,
9151-0960-01,
9151-0406-00,
9151-0965-00,
9151-0966-00,
9151-0961-00,
9151-0964-00,
9151-0968-01,
9151-0946-00,
9151-0960-00,
9151-0959-00,
9151-0166-00,
9158-0008-00,
9150-0261-00,
9150-0257-00,
9150-0258-00,
9150-0260-00,
9151-0920-14,
9151-0930-00,
9151-0971-00,
9159-0002-00,
9151-0918-00,
9151-0937-00,
9151-0953-00,
9151-0971-01,
9151-0971-03,
9151-0971-02,
9151-0960-02,
9158-0037-00,
9157-0943-00,
9158-0063-00,
9151-0137-00,
9151-0123-00,
9151-0934-01,
7068-1101-00,
9007-0832-00,
9007-1121-00,
9007-1193-00,
9007-1222-00,
9007-1150-00,
9007-1164-00,
9150-0225-00,
9150-0314-00,
9151-0304-HE,
9151-0404-HE,
9150-0221-00,
9003-2096-00,
9003-2097-00,
9003-2098-00,
9003-2099-00,
9003-2100-00,
9003-2110-00,
9003-2101-00,
9029-0120-00,
9003-2104-00,
9003-2107-00,
9003-2108-00,
9007-1228-00,
9007-1229-00,
9007-1230-00,
9151-0956-01,
9150-0249-00,
9029-0128-00,
9029-0129-00,
9005-2178-00,
9007-1144-00,
9007-1219-00,
9007-1220-00,
9158-0006-00,
9158-0016-00,
9001-1238-00,
9151-0972-00,
9029-0142-00,
9150-0315-00,
9151-0972-01,
9151-0973-00,
9151-0977-00,
9151-0979-00,
9151-0978-00,
9029-0143-00,
9007-1115-00,
9150-0223-00,
9053-0007-00,
9053-0008-00,
9053-0009-00,
9053-0010-00,
9053-0011-00,
9053-0019-00,
9053-0020-00,
9053-0001-00,
9053-0002-00,
9053-0003-00,
9053-0004-00,
9053-0022-00,
9053-0023-00,
9053-0024-00,
9053-0025-00,
9053-0026-00,
9053-0027-00,
9053-0030-00,
9053-0031-00,
9058-0002-00,
9058-0003-00,
9058-0005-00,
9058-0010-00,
9058-0011-00,
9058-0012-00,
9058-0013-00,
9058-0015-00,
9058-0018-00,
9058-0027-00,
9058-0033-00,
9058-0035-00,
9058-0036-00,
9058-0007-00,
9058-0008-00,
9058-0043-00,
9058-0044-00,
9058-0045-00,
9058-0047-00,
9058-0058-00,
9058-0060-00,
9058-0061-00,
9058-0054-00,
9058-0065-00,
9058-0066-00,
9058-0068-00,
9058-0070-00,
9058-0073-00,
9058-0074-00,
9058-0076-00,
9058-0077-00,
9058-0078-00,
9058-0088-00,
9058-0089-00,
9058-0091-00,
9058-0092-00,
9058-0085-00,
9058-0086-00,
9058-0095-00,
9058-0100-00,
9058-0101-00,
9058-0102-00,
9058-0105-00,
9058-0108-00,
9058-0113-00,
9058-0115-00,
9058-0116-00,
9058-0117-00,
9058-0118-00,
9058-0122-00,
9058-0123-00,
9058-0127-00,
9058-0128-00,
9065-0001-00,
9065-0004-00,
9065-0012-00,
9065-0014-00,
9065-0016-00,
9065-0021-00,
9066-0003-00,
9066-0005-00,
9066-0009-00,
9066-0014-00,
9066-0015-00,
9066-0016-00,
9066-0017-00,
9066-0019-00,
9066-0022-00,
9200-0001-00,
9200-0002-00,
9200-0003-00,
9200-0005-00,
9200-0006-00,
9200-0007-00,
9200-0017-00,
9200-0018-00,
9200-0022-00,
9200-0024-00,
9200-0026-00,
9200-0028-00,
9200-0029-00,
9200-0030-00,
9200-0032-00,
9200-0033-00,
9200-0034-00,
9200-0035-00,
9200-0036-00,
9200-0047-00,
9200-0048-00,
9200-0049-00,
9200-0050-00,
9200-0051-00,
9200-0052-00,
9200-0054-00,
9200-0041-00,
9200-0042-00,
9200-0043-00,
9200-0044-00,
9200-0056-00,
9200-0059-00,
9200-0060-00,
9200-0061-00,
9200-0063-00,
9200-0066-00,
9200-0069-00,
9200-0070-00,
9200-0071-00,
9200-0073-00,
9200-0084-00,
9200-0086-00,
9200-0089-00,
9200-0099-00,
9200-0100-00,
9200-0101-00,
9200-0105-00,
9200-0112-00,
9200-0113-00,
9200-0122-00,
9200-0123-00,
9200-0126-00,
9200-0127-00,
9200-0128-00,
9200-0129-00,
9200-0130-00,
9200-0131-00,
9200-0117-00,
9200-0118-00,
9200-0120-00,
9200-0115-00,
9200-0136-00,
9200-0141-00,
9200-0142-00,
9200-0143-00,
9200-0145-00,
9200-0148-00,
9200-0152-00,
9200-0153-00,
9200-0155-00,
9200-0156-00,
9200-0157-00,
9200-0158-00,
9200-0138-00,
9200-0167-00,
9200-0169-00,
9200-0163-00,
9200-0165-00,
9200-0175-00,
9200-0198-00,
9200-0201-00,
9200-0202-00,
9200-0203-00,
9200-0206-00,
9200-0208-00,
9200-0209-00,
9200-0212-00,
9200-0215-00,
9200-0217-00,
9200-0219-00,
9200-0221-00,
9200-0222-00,
9200-0223-00,
9200-0225-00,
9200-0177-00,
9200-0181-00,
9200-0186-00,
9200-0187-00,
9200-0190-00,
9200-0247-00,
9200-0249-00,
9200-0250-00,
9200-0256-00,
9200-0257-00,
9200-0258-00,
9200-0259-00,
9200-0260-00,
9200-0264-00,
9200-0265-00,
9200-0269-00,
9200-0274-00,
9200-0276-00,
9200-0279-00,
9200-0280-00,
9200-0285-00,
9200-0288-00,
9200-0228-00,
9200-0231-00,
9200-0236-00,
9200-0238-00,
9200-0300-00,
9200-0301-00,
9200-0306-00,
9200-0307-00,
9200-0308-00,
9200-0309-00,
9200-0310-00,
9200-0314-00,
9200-0315-00,
9200-0316-00,
9200-0326-00,
9200-0328-00,
9200-0331-00,
9200-0332-00,
9200-0335-00,
9200-0336-00,
9200-0337-00,
9300-0001-00,
9300-0005-00,
9300-0010-00,
9300-0016-00,
9300-0017-00,
9300-0018-00,
9300-0019-00,
9300-0020-00,
9300-0021-00,
9300-0057-00,
9300-0058-00,
9300-0059-00,
9300-0060-00,
9300-0079-00,
9300-0081-00,
9300-0082-00,
9300-0084-00,
9300-0085-00,
9300-0088-00,
9300-0089-00,
9300-0099-00,
9300-0102-00,
9300-0103-00,
9300-0105-00,
9300-0106-00,
9300-0107-00,
9300-0109-00,
9300-0110-00,
9300-0111-00,
9300-0112-00,
9300-0113-00,
9300-0115-00,
9300-0117-00,
9300-0118-00,
9300-0124-00,
9300-0125-00,
9300-0126-00,
9300-0127-00,
9300-0128-00,
9300-0129-00,
9300-0130-00,
9300-0132-00,
9300-0133-00,
9300-0134-00,
9300-0137-00,
9300-0140-00,
9300-0141-00,
9300-0142-00,
9300-0143-00,
9300-0144-00,
9300-0148-00,
9300-0149-00,
9300-0154-00,
9300-0155-00,
9300-0003-00,
9300-0013-00,
9300-0014-00,
9300-0024-00,
9300-0025-00,
9300-0026-00,
9300-0027-00,
9300-0029-00,
9300-0030-00,
9300-0031-00,
9300-0032-00,
9300-0033-00,
9300-0035-00,
9300-0036-00,
9300-0037-00,
9300-0040-00,
9300-0042-00,
9300-0046-00,
9300-0047-00,
9300-0049-00,
9300-0051-00,
9300-0044-00,
9400-0005-00,
9400-0012-00,
9400-0013-00,
9400-0024-00,
9400-0035-00,
9400-0036-00,
9400-0038-00,
9400-0039-00,
9400-0041-00,
9400-0044-00,
9400-0045-00,
9400-0046-00,
9400-0047-00,
9400-0055-00,
9400-0058-00,
9400-0064-00,
9400-0065-00,
9400-0066-00,
9400-0067-00,
9400-0068-00,
9400-0049-00,
9400-0051-00,
9600-0004-00,
9600-0007-00,
9600-0013-00,
9600-0021-00,
9600-0022-00,
9600-0023-00,
9600-0024-00,
9900-0011-00,
9900-0012-00,
9900-0013-00,
9900-0014-00,
9900-0015-00,
9900-0017-00,
9900-0018-00,
9400-0061-00,
9200-0134-00,
9300-0063-00,
9600-0008-00,
9053-0033-00,
9058-0139-00,
9200-0211-00,
9400-0070-00,
9300-0169-00,
9058-0131-00,
9300-0165-00,
9900-0019-00,
9058-0141-00,
9300-0168-00,
9300-0166-00,
9053-0018-00,
9300-0170-00,
9300-0151-00,
9200-0349-00,
9300-0172-00,
9200-0350-00,
9300-0173-00,
9200-0213-00,
9065-0011-00,
9200-0092-00,
9058-0124-00,
9200-0344-00,
9058-0145-00,
9900-0001-00,
9900-0002-00,
9900-0007-00,
9900-0008-00,
9058-0318-00,
9200-0355-00,
9200-0354-00,
9065-0023-00,
9400-0072-00,
9058-0119-00,
9058-0149-00,
9200-0356-00,
9300-0178-00,
9200-0295-00,
9400-0057-00,
9053-0034-00,
9400-0069-00,
9400-0071-00,
9400-0062-00,
9400-0063-00,
9066-0027-00,
9058-0125-00,
9200-0327-00,
9058-0126-00,
9200-0330-00,
9300-0152-00,
9066-0028-00,
9200-0333-00,
9200-0334-00,
9900-0016-00,
9300-0153-00,
9200-0341-00,
9058-0133-00,
9058-0134-00,
9300-0160-00,
9058-0135-00,
9058-0136-00,
9058-0146-00,
9200-0242-00,
9300-0119-00,
9058-0138-00,
9300-0171-00,
9300-0174-00,
9058-0143-00,
9300-0175-00,
9058-0144-00,
9300-0176-00,
9300-0177-00,
9200-0062-00,
9200-0338-00,
9300-0179-00,
9300-0139-00,
9200-0174-00,
9200-0178-00,
9200-0180-00,
9058-0029-00,
9058-0030-00,
9200-0324-00,
9200-0182-00,
9200-0320-00,
9200-0184-00,
9066-0006-00,
9066-0007-00,
9066-0008-00,
9300-0108-00,
9058-0039-00,
9200-0323-00,
9200-0192-00,
9200-0194-00,
9200-0196-00,
9200-0197-00,
9058-0041-00,
9200-0199-00,
9200-0200-00,
9300-0114-00,
9200-0214-00,
9300-0116-00,
9058-0050-00,
9200-0216-00,
9200-0218-00,
9200-0016-00,
9200-0351-00,
9200-0352-00,
9058-0109-00,
9200-0353-00,
9058-0147-00,
9200-0284-00,
9053-0017-00,
9065-0015-00,
9300-0147-00,
9066-0023-00,
9400-0050-00,
9300-0064-00,
9200-0317-00,
9300-0004-00,
9300-0006-00,
9300-0007-00,
9300-0011-00,
9300-0015-00,
9300-0022-00,
9200-0009-00,
9200-0010-00,
9300-0043-00,
9200-0013-00,
9200-0014-00,
9200-0019-00,
9200-0021-00,
9200-0025-00,
9200-0037-00,
9300-0053-00,
9300-0054-00,
9400-0001-00,
9400-0003-00,
9200-0055-00,
9200-0058-00,
9058-0048-00,
9400-0008-00,
9200-0068-00,
9400-0010-00,
9200-0076-00,
9200-0077-00,
9200-0078-00,
9200-0081-00,
9200-0083-00,
9200-0098-00,
9600-0003-00,
9200-0108-00,
9200-0109-00,
9200-0111-00,
9200-0114-00,
9200-0146-00,
9400-0004-00,
9400-0025-00,
9200-0226-00,
9058-0056-00,
9066-0020-00,
9058-0087-00,
9400-0015-00,
9200-0160-00,
9058-0001-00,
9058-0037-00,
9066-0001-00,
9900-0004-00,
9400-0017-00,
9066-0002-00,
9066-0004-00,
9600-0005-00,
9200-0074-00,
9058-0006-00,
9200-0271-00,
9200-0137-00,
9200-0104-00,
9900-0006-00,
9200-0159-00,
9200-0106-00,
9200-0027-00,
9300-0012-00,
9600-0006-00,
9200-0121-00,
9200-0176-00,
9200-0139-00,
9900-0003-00,
9200-0102-00,
9300-0052-00,
9200-0067-00,
9200-0008-00,
9300-0009-00,
9300-0008-00,
9200-0004-00,
9058-0075-00,
9200-0065-00,
9200-0064-00,
9900-0009-00,
9058-0038-00,
9400-0002-00,
9200-0191-00,
9300-0002-00,
9058-0046-00,
9058-0042-00,
9200-0091-00,
9200-0240-00,
9200-0193-00,
9200-0154-00,
9200-0132-00,
9200-0103-00,
9600-0001-00,
9058-0040-00,
9058-0009-00,
9053-0005-00,
9058-0014-00,
9300-0045-00,
9900-0005-00,
9058-0071-00,
9200-0291-00,
9053-0021-00,
9200-0170-00,
9058-0067-00,
9400-0009-00,
9058-0004-00,
9058-0098-00,
9058-0093-00,
9058-0034-00,
9058-0049-00,
9400-0053-00,
9600-0020-00,
9200-0045-00,
9066-0021-00,
9058-0103-00,
9400-0016-00,
9200-0166-00,
9200-0116-00,
9065-0019-00,
9058-0104-00,
9058-0106-00,
9058-0084-00,
9400-0007-00,
9200-0304-00,
9600-0010-00,
9600-0011-00,
9600-0017-00,
9200-0289-00,
9400-0060-00,
9058-0094-00,
9200-0292-00,
9600-0002-00,
9200-0173-00,
9400-0018-00,
9058-0111-00,
9200-0031-00,
9065-0018-00,
9300-0023-00,
9400-0048-00,
9600-0018-00,
9400-0006-00,
9400-0011-00,
9058-0129-00,
9058-0051-00,
9400-0042-00,
9053-0029-00,
9058-0064-00,
9058-0025-00,
9200-0210-00,
9200-0185-00,
9200-0268-00,
9200-0270-00,
9200-0275-00,
9300-0138-00,
9300-0034-00,
9400-0059-00,
9600-0019-00,
9053-0035-00,
9400-0052-00,
9058-0019-00,
9053-0014-00,
9058-0020-00,
9058-0021-00,
9200-0205-00,
9200-0204-00,
9065-0010-00,
9065-0009-00,
9200-0207-00,
9058-0148-00,
9053-0037-00,
9053-0036-00,
9058-0096-00,
1029-0104-00,
2003-0114-00,
3008-0144-00,
4002-0104-00,
2002-0109-00,
2003-0109-00,
5007-0605-00,
5205-0204-00,
5205-0303-00,
5205-0307-00,
5206-0106-00,
5205-0301-00,
5251-0411-01,
5253-0204-00,
5270-0304-00,
5270-0311-00,
5373-0102-00,
5379-0445-00,
5379-0507-00,
6300-6421-00,
7006-1201-00,
7051-3405-00,
7166-0103-00,
7166-0109-00,
7166-0110-00,
7166-0202-00,
7166-0107-00,
7167-0201-02,
7167-0319-01,
7168-0110-00,
7168-0111-00,
7168-2101-00,
7184-0102-02,
7198-0109-00,
7245-0104-00,
8001-0692-00,
8001-0764-00,
8001-0786-00,
8001-0916-00,
8003-1156-00,
8005-1412-00,
8006-0504-00,
8006-2084-00,
8006-2115-00,
8006-2120-00,
8010-0403-01,
8050-0435-00,
8050-0610-00,
8050-0612-00,
8050-0613-00,
8050-0615-00,
8050-0616-00,
8050-4005-00,
8050-4008-00,
8050-4009-00,
8100-0119-00,
8100-0131-00,
8103-0209-00,
8103-0302-00,
8103-0306-00,
8110-0203-00,
8202-0101-00,
8203-0302-00,
8203-0801-00,
8232-0713-00,
8232-1899-00,
8232-1900-00,
8232-1903-00,
8232-1964-00,
8232-0411-00,
8232-1570-00,
8232-1584-00,
8232-1595-00,
8232-1727-00,
8232-1730-00,
8232-1731-00,
8551-0002-00,
9012-0413-00,
9013-0923-00,
9016-1262-00,
9021-0701-00,
9021-0702-00,
9022-0105-00,
9106-1030-00,
9106-1040-00,
9106-1053-00,
9106-1501-00,
9106-1504-00,
9107-0201-00,
9107-0301-00,
9107-0401-00,
9107-0601-00,
9107-1010-00,
9107-1029-00,
9107-1030-00,
9107-1038-00,
9107-1040-00,
9114-0103-00,
9215-0121-00,
9215-0009-00,
9215-0049-00,
9215-0090-00,
9215-0352-00,
9215-0524-00,
9215-0535-00,
9215-0575-00,
9215-0577-00,
9215-0578-00,
9215-0582-00,
9215-0589-00,
9216-0002-00,
9216-0053-00,
9216-0075-00,
9216-0081-00,
9216-0101-00,
9216-0216-00,
9216-0089-00,
9217-0013-00,
9217-0042-00,
9217-0052-00,
9217-0116-00,
9217-0142-00,
9217-0143-00,
9217-0146-00,
9217-0168-00,
9217-0435-00,
9217-0466-00,
9217-0501-00,
9217-0138-00,
9217-0139-00,
9218-0031-00,
9218-0036-00,
9218-0050-00,
9218-0056-00,
9218-0079-00,
9218-0083-00,
9218-0089-00,
9218-0092-00,
9218-0145-00,
9218-0156-00,
9218-0181-00,
9218-0300-00,
9218-0169-00,
9218-0194-00,
9218-0317-00,
9218-0331-00,
9218-0333-00,
9218-0346-00,
9218-0350-00,
9218-0361-00,
9218-0370-00,
9218-0606-00,
9218-0625-00,
9218-0629-00,
9218-0634-00,
9218-0655-00,
9218-0681-00,
9218-0682-00,
9218-0700-00,
9218-0701-00,
9218-0730-00,
9218-0748-00,
9218-0752-00,
9218-0755-00,
9218-0761-00,
9218-0764-00,
9218-0769-00,
9218-0784-00,
9218-0793-00,
9218-0794-00,
9218-0795-00,
9218-0796-00,
9218-0797-00,
9218-0799-00,
9218-0780-00,
9218-0808-00,
9218-0863-00,
9218-0864-00,
9218-0867-00,
9218-0869-00,
9218-0915-00,
9218-0925-00,
9218-0842-00,
9218-0845-00,
9218-0958-00,
9218-1016-00,
9218-1040-00,
9218-1042-00,
9218-1056-00,
9218-1059-00,
9218-1071-00,
9218-0969-00,
9227-0001-00,
9227-0028-00,
9231-0008-88,
9231-0007-00,
9231-0007-88,
9231-0012-00,
9231-0021-88,
9231-0024-88,
9231-0032-00,
9231-0032-88,
9231-0040-88,
9231-0042-88,
9231-0047-88,
9231-0049-88,
9231-0052-88,
9231-0054-88,
9231-0060-88,
9231-0063-88,
9231-0064-88,
9231-0068-88,
9231-0094-00,
9231-0095-88,
9231-0090-00,
9231-0133-88,
9231-0139-88,
9231-0152-00,
9231-0153-88,
9231-0154-88,
9231-0162-88,
9231-0163-88,
9231-0123-88,
9232-0040-00,
9232-0059-00,
9232-0072-00,
9232-0196-00,
9232-0321-00,
9232-0393-00,
9232-0631-00,
9232-0741-00,
9232-0666-00,
9232-0861-00,
9232-0864-00,
9232-0865-00,
9232-0867-00,
9232-0870-00,
9232-0873-00,
9232-0877-00,
9232-1053-00,
9232-1055-00,
9233-0004-00,
9233-0064-00,
9233-0073-00,
9233-0097-00,
9233-0112-00,
9232-1031-00,
9232-1041-00,
9232-1047-00,
9233-0173-00,
9233-0527-00,
9233-0562-00,
9233-0575-00,
9233-0583-00,
9233-0384-00,
9233-0585-00,
9233-0552-00,
9234-0430-00,
9234-0215-00,
9234-0521-00,
9235-0204-00,
9235-0209-00,
9235-0219-00,
9235-0250-00,
9235-0345-00,
9235-0414-00,
9235-0441-00,
9235-0144-00,
9235-0145-00,
9235-0149-00,
9235-0503-00,
9235-0516-00,
9235-0516-14,
9235-0518-00,
9235-0522-00,
9235-0609-00,
9235-0610-00,
9235-0611-00,
9237-0029-00,
9237-0037-00,
9240-0146-00,
9240-0148-00,
9240-0149-00,
9603-0103-00,
9603-0105-00,
9215-0358-00,
9215-0179-00,
9215-0047-00,
9215-0338-00,
9218-0765-00,
9161-0202-00,
9242-0024-00,
9243-0045-00,
9237-0047-00,
9215-0364-00,
9215-0111-00,
9215-0375-00,
9215-0342-00,
9215-0323-00,
9215-0119-00,
8003-1237-00,
8006-1339-00,
8001-2115-00,
8006-1322-00,
8006-2119-00,
8232-1065-00,
8232-1066-00,
8232-2125-00,
8232-2143-00,
8232-6507-00,
8232-6522-00,
9215-0077-00,
9215-0527-00,
9218-1083-00,
9225-0076-00,
9231-0118-88,
9232-0862-00,
9233-0607-00,
9215-0145-00,
9215-0155-00,
9215-0156-00,
9215-0301-00,
9215-0346-00,
9215-0365-00,
9215-0374-00,
9215-0502-00,
9240-0188-00,
9218-1085-00,
9232-0952-00,
9233-0620-00,
9215-0024-00,
9215-0503-00,
9215-0083-00,
9237-0032-00,
9237-0052-00,
9237-0053-00,
9218-0875-00,
7184-0504-02,
8003-1006-00,
9240-0201-00,
8158-0115-00,
7015-0409-00,
9240-0189-00,
8010-0106-00,
9013-0628-00,
9013-0161-00,
8050-0468-00,
8050-0469-00,
9215-0371-00,
9215-0314-00,
7184-0602-02,
9215-0343-00,
9215-0353-00,
9215-0066-00,
9215-0394-00,
9019-0136-00,
9232-0984-00,
9215-0080-00,
5551-1128-00,
5551-1152-00,
8203-1078-00,
9215-0526-00,
9218-1011-00,
9016-1284-00,
9237-0054-00,
9030-0004-00,
9215-0186-00,
9232-0807-00,
9218-0715-00,
9215-0019-00,
9237-0058-00,
8005-1581-00,
8006-1581-00,
8003-1285-00,
9231-0073-00,
9215-0108-00,
7006-2526-00,
7006-9126-00,
7006-1590-00,
8232-1806-00,
8232-2170-00,
8232-2171-00,
8232-2172-00,
9232-1108-00,
8232-1109-00,
9215-0132-00,
9240-0147-00,
9215-0194-00,
9215-0092-00,
9215-0315-00,
9231-0110-88,
A001-0002-00,
8050-0467-00,
9812-1003-00,
8006-2214-00,
4004-2184-00,
4004-2185-00,
4004-0311-00,
4004-2186-00,
9218-0281-14,
8003-1287-00,
0000-0000-00,
8232-1108-00,
9218-0137-00,
8232-0548-00,
9242-0002-00,
5270-0107-00,
9237-0059-00,
9016-1120-00,
9237-0062-00,
9237-0063-00,
8232-1067-02,
8005-1590-00,
8005-1589-00,
9261-0164-00,
9218-0318-00,
9240-0186-00,
9091-0113-00,
6300-4102-00,
9215-0344-00,
8232-0411-02,
9215-0099-00,
9218-0927-00,
9215-0184-00,
9215-0071-00,
9215-0320-00,
9008-0131-00,
9231-0066-88,
9232-6328-00,
8232-1497-00,
8232-6213-00,
8232-6328-00,
8003-1293-00,
9237-0057-00,
9231-0098-00,
9215-0319-00,
9240-0187-00,
7054-0104-01,
7050-0203-01,
8232-1025-04,
8232-1008-04,
8232-6282-04,
8232-1128-03,
9237-0065-00,
9215-0191-00,
1029-0105-00,
3007-0904-00,
8050-5037-00,
8050-5038-00,
8050-5039-00,
8232-1067-00,
7151-0901-00,
8203-1067-00,
4006-0139-00,
9243-0060-00,
9237-0056-00,
9100-0135-00,
8100-0135-00,
9218-0923-00,
9218-0975-14,
8005-2018-00,
9806-0369-00,
8213-0037-00,
4006-1232-00,
8213-0001-01,
8213-0011-01,
8213-0016-00,
8213-0038-00,
9016-1287-00,
7167-0301-02,
1001-0185-00,
7184-0605-02,
7156-0105-00,
9237-0011-00,
9221-0180-00,
9242-0001-00,
9221-0177-00,
9221-0177-01,
9243-0001-00,
9221-0178-00,
9221-0178-01,
9118-0114-00,
9237-0068-00,
8100-0134-00,
9237-0073-00,
8232-1954-00,
8001-0494-00,
9215-0583-00,
9242-0029-00,
9237-0084-00,
9237-0085-00,
9237-0086-00,
8108-0001-00,
8050-5058-00,
8050-5059-00,
8232-2233-00,
8232-1155-00,
8005-0204-00,
9261-0177-00,
2005-0226-00,
2005-0227-00,
2005-0228-00,
7006-1738-00,
7150-0503-00,
7151-0503-00,
4004-0312-00,
7194-0213-00,
7194-0210-00,
8213-0002-00,
5007-0102-00,
4006-0142-00,
4004-0235-00,
8050-5024-00,
8050-5023-00,
9013-0903-00,
7013-9390-00,
9016-1279-00,
9016-1285-00,
7166-0204-00,
7166-0301-00,
7166-0304-00,
8110-0229-00,
7166-0306-00,
7166-0305-00,
7166-0307-00,
7013-9391-00,
9018-0308-00,
8203-0317-00,
8203-0318-00,
8202-9306-00,
8202-9307-00,
9242-0023-00,
9243-0044-00,
9217-0160-00,
9218-1008-00,
9231-0907-00,
9232-0896-00,
8202-9312-00,
9261-0163-00,
8203-1087-00,
5251-0424-01,
5251-0440-01,
5251-0443-01,
5251-0414-01,
8006-0509-00,
8006-2235-00,
4004-0304-00,
9242-0011-00,
8203-0316-00,
3999-9999-99,
5379-1015-00,
5551-1016-00,
9237-0069-00,
9237-0070-00,
1026-3004-00,
1026-3005-00,
1026-3006-00,
5375-0315-00,
9237-0079-00,
9237-0080-00,
8232-1566-00,
8232-1502-00,
8232-1910-00,
4006-1220-00,
4006-0245-00,
4006-0250-00,
4006-1209-00,
8203-1076-00,
9237-0081-00,
9237-0082-00,
8232-1806-03,
8232-2170-03,
9232-2171-03,
8232-2172-03,
8232-1109-04,
8232-1108-03,
5251-0403-01,
9813-1560-00,
4004-2267-00,
9237-0083-00,
8232-2226-00,
8232-1144-00,
8006-2243-00,
8001-2196-00,
8232-1955-00,
8232-1887-00,
8232-1764-00,
8232-1931-00,
8232-1716-00,
8005-1354-00,
8005-1439-00,
4006-1218-00,
9813-1575-00,
9813-1576-00,
5551-1010-00,
5551-1115-00,
4006-0243-00,
7006-1736-00,
6200-8086-00,
9814-1189-00,
9030-0011-00,
8232-1685-00,
9218-1070-00,
9215-0005-00,
8003-0203-00,
8003-0208-00,
4004-2074-00,
4004-1045-00,
4004-2222-00,
4004-2162-00,
4004-2289-00,
4004-0328-00,
4004-1068-00,
4004-1071-00,
4004-2142-00,
4004-2109-00,
4004-0341-00,
4004-2080-00,
4004-0342-00,
5224-0002-00,
5224-0003-00,
5224-0004-00,
5224-0006-00,
5224-0010-00,
5379-1002-00,
5379-1006-00,
9054-0103-00,
4004-1091-00,
4004-0285-00,
9098-0108-00,
9806-0353-00,
9237-0075-00,
8005-1090-00,
8005-1091-00,
8006-1392-00,
8003-1311-00,
8005-1092-00,
9161-0205-00,
9814-2001-00,
4006-1217-00,
9242-0028-00,
9218-0684-00,
9218-0668-00,
8232-1879-00,
6300-6241-00,
5205-0308-00,
7167-0709-00,
7008-0205-01,
8059-7003-00,
9119-0152-00,
0000-0101-00,
8232-2171-03,
9813-1563-00,
9813-1565-00,
9813-1566-00,
9813-1567-00,
9006-0647-00,
9005-2143-00,
9603-0102-00,
7074-0504-00,
7168-0201-00,
8102-0105-00,
7181-0101-00,
8100-0112-00,
5379-0403-00,
5379-0408-00,
5372-0101-00,
5379-0409-00,
5379-0411-00,
5379-0410-00,
5379-0415-00,
5379-0416-00,
5379-0417-00,
9812-2016-00,
8050-0405-00,
8156-0534-00,
8200-0201-00,
8200-0203-00,
8200-0301-03,
8102-0207-00,
8102-0107-00,
8103-0303-00,
8103-0204-00,
8102-0401-00,
8102-0405-00,
8102-0601-00,
8103-0206-00,
8101-0301-00,
8203-0307-00,
5380-1003-00,
5270-0502-00,
5270-0306-00,
5270-0308-00,
5270-0310-00,
5254-0101-00,
5270-0105-00,
5270-0301-00,
5253-0101-00,
7006-1302-00,
5205-0210-00,
5205-0211-00,
5205-0215-00,
5205-0218-00,
5050-0401-00,
4006-0119-00,
4004-0232-00,
4004-0236-00,
4002-0202-00,
3001-0101-00,
7173-0101-00,
7184-0608-00,
7184-0611-00,
7184-0612-00,
7168-0112-00,
7168-0114-00,
7168-0101-00,
7166-0203-00,
7166-0302-00,
7245-0102-00,
7074-0506-00,
7074-0501-00,
7074-0502-00,
7074-0503-00,
7151-0902-00,
7166-0104-00,
7166-0106-00,
7006-1402-00,
7006-1502-00,
7166-0101-00,
7166-0102-00,
7153-0102-00,
9106-1010-00,
9106-0401-00,
9106-0601-00,
9106-0201-00,
9106-0301-00,
9826-0101-00,
8010-0303-02,
5254-0101-01,
5054-0103-00,
9232-0028-00,
9232-0085-00,
2003-0108-00,
2003-0105-00,
2003-0111-00,
4004-1016-00,
9232-0630-00,
9232-0610-00,
9232-0617-00,
9232-0619-00,
9232-0641-00,
9232-0122-00,
9232-0130-00,
9232-0704-88,
9233-0551-00,
9233-0338-00,
9232-0845-00,
9232-0845-14,
9232-0164-00,
9233-0553-00,
9232-0612-00,
9233-0074-00,
9232-0849-00,
9215-0849-14,
9233-0120-00,
9233-0120-14,
9232-0894-00,
9232-0894-14,
9232-0912-00,
9232-0618-00,
9235-0152-00,
9233-0170-00,
9232-0831-00,
9232-0310-00,
9233-0387-00,
9232-0133-88,
9232-0132-00,
9235-0054-00,
9232-0048-00,
9232-0874-00,
9232-0608-00,
9232-0624-00,
9235-0607-00,
9826-0200-00,
9232-0852-00,
9233-0156-00,
9232-0121-00,
9234-0095-00,
9232-1004-00,
9232-0367-00,
9232-0975-00,
9233-0584-00,
9233-0584-14,
9232-0868-00,
9232-0868-14,
9235-0606-00,
9232-1013-00,
9233-0613-00,
9232-1051-00,
9232-0926-00,
9215-0600-14,
9216-0576-14,
9217-0114-00,
9218-0310-14,
9218-0693-14,
9218-0706-00,
9218-0732-00,
9218-0758-00,
9218-0759-00,
9218-0981-14,
9231-0062-14,
9231-0068-14,
9231-0070-14,
9231-0073-14,
9231-0080-14,
9231-0191-14,
9232-0781-00,
9233-0101-00,
9233-0102-00,
9215-0540-14,
9239-0190-14,
9231-0045-88,
9217-0141-14,
9218-1071-14,
9231-0144-14,
9231-0102-14,
9231-0003-14,
9231-0002-14,
9218-0833-14,
9218-0333-14,
9218-0669-14,
9218-0784-HE,
9231-0007-14,
9231-0037-14,
9231-0086-14,
9231-0182-14,
9231-0229-14,
9231-0230-14,
9239-0166-14,
9239-0176-14,
9239-0177-14,
9239-0210-14,
9239-0217-14,
9239-0218-14,
9239-0224-14,
9239-0231-14,
9239-0227-14,
9239-0209-14,
9239-0183-14,
9218-1093-14,
9218-1089-14,
9218-1085-14,
9215-0587-14,
9239-0175-14,
9231-0043-14,
9216-0101-14,
9218-1028-14,
9218-0682-01,
9218-1101-14,
9216-0089-14,
9218-0780-14,
9215-0591-14,
9218-1114-14,
9215-0592-14,
9215-0064-14,
9231-0009-14,
9231-0035-14,
9215-0077-14,
9218-1083-14,
9218-1067-14,
9231-0249-14,
9218-1099-14,
9239-0246-14,
9231-0247-14,
9218-0794-14,
9218-1051-14,
9231-0044-14,
9216-0083-14,
9215-0589-14,
9231-0122-14,
9239-0262-14,
9231-0032-14,
9218-0367-14,
9231-0139-14,
9239-0208-14,
9218-1105-14,
9231-0259-14,
9231-0260-14,
9231-0261-14,
9216-0095-14,
9216-0104-14,
9215-0094-14,
9215-0096-14,
9218-0028-14,
9218-0122-14,
9218-0624-14,
9218-0617-14,
9218-0985-14,
9231-0127-14,
9216-0505-14,
9218-0677-14,
9218-0332-14,
9218-0797-14,
9218-0682-14,
9218-1025-14,
9215-0532-14,
9218-0398-14,
9231-0123-14,
9218-0622-14,
9218-1108-14,
9218-0029-14,
9218-1119-14,
9218-0051-14,
9218-1117-14,
9218-0731-14,
9215-0594-14,
9218-0829-14,
9218-1118-14,
9218-1116-14,
9231-0013-14,
9231-0215-14,
9218-1132-14,
9218-0036-14,
9218-0331-14,
9215-0019-14,
9218-0717-14,
9218-0321-14,
9215-0601-14,
9216-0081-14,
9218-1134-14,
9217-0170-14,
9217-0139-14,
9217-0143-14,
9217-0138-14,
9218-0350-14,
9215-0121-14,
9215-0503-14,
9215-0502-14,
9217-0609-14,
9215-0024-14,
9218-0655-14,
9231-0137-14,
9239-0158-14,
9231-0054-14,
9218-0799-14,
9218-0781-14,
9218-1059-14,
9215-0597-14,
9218-0623-14,
9239-0281-14,
9215-0068-14,
9215-0047-14,
9231-0055-14,
9231-0052-14,
9218-1020-14,
9231-0154-14,
9218-0971-14,
9215-0598-14,
9215-0343-14,
9218-0978-14,
9215-0111-14,
9215-0575-14,
9231-0001-14,
9231-0049-14,
9231-0152-14,
9218-0365-14,
9218-0666-14,
9218-0741-14,
9218-0393-14,
9231-0041-14,
9215-0582-14,
9218-0826-14,
9215-0083-14,
9215-0179-14,
9218-0969-14,
9215-0553-14,
9231-0156-14,
9216-0004-14,
9231-0042-14,
9218-0835-14,
9231-0028-14,
9215-0535-14,
9231-0011-14,
9231-0010-14,
9231-0163-14,
9231-0118-14,
9231-0008-14,
9231-0064-14,
9231-0110-14,
9218-0663-14,
9218-0318-14,
9217-0441-14,
9218-0863-14,
9218-0869-14,
9218-0085-14,
9231-0095-14,
9218-0384-14,
9239-0289-14,
9217-0466-14,
9215-0584-14,
9218-0948-14,
9215-0384-14,
9218-0629-14,
9215-0092-14,
9218-0674-14,
9218-0667-14,
9218-1170-14,
9218-0670-14,
9215-0005-14,
9218-0779-14,
9231-0193-14,
9231-0040-14,
9218-1156-14,
9231-0005-14,
9231-0006-14,
9231-0012-14,
9231-0014-14,
9231-0016-14,
9231-0017-14,
9231-0018-14,
9231-0019-14,
9231-0020-14,
9231-0022-14,
9231-0024-14,
9231-0025-14,
9231-0027-14,
9231-0330-14,
9231-0033-14,
9231-0034-14,
9231-0038-14,
9231-0051-14,
9231-0061-14,
9231-0063-14,
9231-0083-14,
9231-0096-14,
9231-0100-14,
9231-0101-14,
9231-0115-14,
9231-0119-14,
9231-0128-14,
9218-0807-14,
9218-0988-14,
9218-0608-14,
9218-0610-14,
9218-0612-14,
9215-0112-14,
9217-0219-14,
9218-0619-14,
9218-0648-14,
9216-0437-14,
9218-0831-14,
9218-1152-14,
9218-0852-14,
9218-1151-14,
9218-0898-14,
9218-1153-14,
9217-0503-14,
9215-0621-14,
9218-1155-14,
9217-0638-14,
9218-1142-14,
9215-0579-14,
9215-0613-14,
9218-1135-14,
9218-1130-14,
9215-0620-14,
9218-1157-14,
9218-1159-14,
9218-1160-14,
9218-1161-14,
9215-0625-14,
9215-0624-14,
9215-0626-14,
9218-1163-14,
9215-0633-14,
9215-0637-14,
9216-0559-14,
9217-0516-14,
9217-0612-14,
9218-1143-14,
9218-1148-14,
9215-0387-14,
9218-0381-14,
9216-0106-14,
9218-0390-14,
9218-0755-14,
9218-0838-14,
9218-1058-14,
9215-0066-14,
9218-1056-14,
9215-0639-14,
9218-1166-14,
9218-0700-14,
9215-0155-14,
9215-0395-14,
9231-0023-14,
9218-0784-14,
9218-0625-14,
9218-0763-14,
9231-0094-14,
9217-0009-14,
9231-0093-14,
9215-0102-14,
9231-0066-14,
9215-0640-14,
9231-0257-14,
9217-0414-14,
9218-1173-14,
9218-1174-14,
9218-1175-14,
9218-0386-14,
9215-0508-14,
9218-0743-14,
9218-1189-14,
9218-1190-14,
9218-1070-14,
9218-1016-14,
9215-0644-14,
9218-1191-14,
9218-0730-14,
9217-0611-14,
9231-0098-14,
9217-0134-14,
9217-0168-14,
9217-0501-14,
9217-0142-14,
9218-1042-14,
9215-0527-14,
9218-0761-14,
9217-0610-14,
9231-0067-14,
9218-0335-14,
9218-0793-14,
9217-0631-14,
9218-1125-14,
9215-0119-14,
9216-0496-14,
9215-0533-14,
9218-0756-14,
9218-0002-14,
9215-0120-14,
9231-0307-14,
9221-0159-14,
9218-1167-14,
9239-0306-14,
9218-0845-14,
9218-1076-14,
9218-1192-14,
9239-0171-14,
9218-1103-14,
9218-1139-14,
9218-0672-14,
9218-0681-14,
9218-1193-14,
9218-1195-14,
9231-0310-14,
9215-0052-14,
9218-0998-14,
9216-0564-14,
9231-0313-14,
9239-0314-14,
9231-0074-14,
9231-0058-14,
9239-0305-14,
9215-0389-14,
9218-1112-14,
9217-0518-14,
9231-0304-14,
9218-1196-14,
9231-0308-14,
9239-0160-14,
9218-1194-14,
9217-0468-14,
9231-0299-14,
9218-0868-14,
9239-0315-14,
9239-0316-14,
9216-0566-14,
9221-0234-14,
9218-0364-14,
9215-0098-14,
9218-0607-14,
9215-0032-14,
9239-0300-14,
9217-0525-14,
9216-0565-14,
9218-1150-14,
9218-0961-14,
9218-0958-14,
9218-0925-14,
9218-0618-14,
9218-0713-14,
9239-0291-14,
9215-0619-14,
9218-1199-14,
9217-0629-14,
9217-0628-14,
9215-0645-14,
9218-0317-14,
9216-0521-14,
9215-0090-14,
9218-0940-14,
9215-0641-14,
9217-0715-14,
9239-0279-14,
9231-0269-14,
9231-0004-14,
9231-0280-14,
9218-0894-14,
9215-0132-14,
9218-0867-14,
9231-0133-14,
9231-0153-14,
9231-0138-14,
9231-0089-14,
9231-0082-14,
9231-0060-14,
9218-0748-14,
9218-0053-14,
9215-0578-14,
9215-0577-14,
9215-0524-14,
9215-0394-14,
9231-0047-14,
9231-0048-14,
9215-0080-14,
9218-1115-14,
9218-1045-14,
9218-0962-14,
9218-0711-14,
9218-0131-14,
9215-0341-14,
9218-1200-14,
9218-1074-14,
9215-0604-14,
9218-0706-14,
9215-0572-14,
9217-0300-14,
9218-1203-14,
9221-0235-14,
9221-0236-14,
9217-0301-14,
9217-0222-14,
9215-0409-14,
9216-0412-14,
9217-0171-14,
9217-0626-14,
9217-0514-14,
9217-0513-14,
9215-0653-14,
9231-0285-14,
9231-0338-14,
9216-0062-14,
9218-1253-14,
9216-0063-14,
9215-0147-14,
9217-0018-14,
9215-0203-14,
9231-0369-14,
9237-0076-00,
9231-0358-14,
9215-0217-14,
9218-1259-14,
9218-1258-14,
9218-1262-14,
9218-1263-14,
9218-1264-14,
9218-1256-14,
9215-0963-14,
9215-0964-14,
9218-1257-14,
9218-0345-14,
9215-0965-14,
9215-0966-14,
9215-0967-14,
9215-0655-14,
9218-1240-14,
9231-0252-14,
9231-0286-14,
9231-0303-15,
9239-0328-14,
9231-0352-14,
9239-0353-14,
9239-0356-14,
9239-0357-14,
9239-0363-14,
9221-0248-00,
9239-0345-14,
9239-0346-14,
9239-0347-14,
9239-0348-14,
9239-0349-14,
9239-0350-14,
9216-0573-14,
9218-1242-14,
9231-0264-14,
9231-0266-14,
9231-0288-14,
9231-0292-14,
9231-0294-14,
9231-0295-14,
9231-0322-14,
9239-0323-14,
9231-0325-14,
9239-0331-14,
9239-0337-14,
9231-0342-14,
9239-0360-14,
9239-0362-14,
9218-0694-14,
9215-0309-14,
9218-0039-14,
9218-0871-14,
9218-0387-14,
9217-0205-14,
9218-1179-14,
9239-0334-1A,
9231-0031-14,
9231-0355-14,
9218-0875-14,
9231-0370-14,
9218-0841-14,
9217-0646-14,
9218-1140-14,
9239-0263-14,
9239-0317-14,
9231-0311-14,
9239-0312-14,
9239-0309-14,
9215-0638-14,
9216-0562-14,
9218-0319-14,
9218-1201-14,
9218-1131-14,
9231-0039-14,
9218-0818-14,
9218-0628-14,
9215-0647-14,
9231-0318-14,
9237-0066-00,
9239-0319-14,
9218-1202-14,
9218-0843-14,
9218-0639-14,
9218-0303-14,
9218-0865-14,
9221-0224-00,
9221-0224-01,
9231-0258-14,
9218-0836-14,
9218-0787-14,
9215-0201-14,
9215-0202-14,
9215-0205-14,
9215-0206-14,
9215-0207-14,
9215-0208-14,
9215-0209-14,
9216-0202-14,
9216-0207-14,
9216-0208-14,
9216-0209-14,
9218-1137-14,
9217-0648-14,
9231-0216-14,
9221-0239-14,
9218-1204-14,
9231-0167-14,
9239-0272-14,
9215-0099-14,
9218-0030-14,
9239-0268-14,
9215-0324-14,
9239-0273-14,
9239-0274-14,
9239-0214-14,
9239-0192-14,
9218-0769-14,
9218-0965-14,
9218-1007-14,
9215-0129-14,
9215-0304-14,
9218-0692-14,
9215-0307-14,
9218-0369-14,
9216-0224-14,
9216-0210-14,
9216-0212-14,
9216-0211-14,
9216-0213-14,
9216-0214-14,
9216-0217-14,
9216-0218-14,
9216-0219-14,
9216-0220-14,
9216-0221-14,
9216-0222-14,
9218-0927-14,
9218-1073-14,
9215-0593-14,
9216-0560-14,
9216-0561-14,
9218-0219-14,
9218-0225-14,
9216-0205-14,
9215-0232-14,
9218-0394-14,
9217-0208-14,
9216-0286-14,
9216-0288-14,
9231-0075-14,
9215-0097-14,
9231-0189-14,
9215-0654-14,
9218-0565-14,
9217-0467-14,
9239-0271-14,
9217-0211-14,
9217-0212-14,
9217-0215-14,
9215-0321-14,
9218-0209-14,
9218-0210-14,
9218-0215-14,
9218-0207-14,
9215-0285-14,
9215-0286-14,
9216-0290-14,
9217-0285-14,
9218-0265-14,
9215-0058-14,
9218-1081-14,
9218-1046-14,
9217-0140-14,
9218-0980-14,
9217-0162-14,
9218-1232-14,
9231-0265-14,
9218-0307-14,
9218-1121-14,
9217-0224-14,
9216-0518-14,
9216-0519-14,
9215-0396-14,
9218-1005-14,
9218-0999-00,
9218-0992-14,
9218-1197-14,
9218-1068-14,
9218-0038-14,
9215-0559-14,
9218-1023-14,
9217-0012-14,
9231-0134-14,
9239-0293-14,
9231-0174-14,
9239-0251-14,
9218-0999-14,
9217-0160-14,
9218-1008-14,
9218-0907-14,
9218-1211-14,
9218-1018-14,
9218-1019-14,
9237-0067-00,
9231-0157-14,
9216-0039-14,
9215-0585-14,
9218-0121-14,
9239-0223-14,
9231-0329-14,
9231-0326-14,
9218-1212-14,
9218-0934-14,
9218-0966-14,
9218-0844-14,
9239-0332-14,
9215-0659-14,
9215-0660-14,
9215-0027-14,
9231-0339-14,
9215-0595-14,
9215-0382-14,
9218-1128-14,
9231-0354-14,
9217-0289-14,
9239-0343-14,
9231-0351-14,
9218-1255-14,
9217-0480-14,
9231-0359-14,
9231-0333-14,
9239-0340-14,
9239-0341-14,
9231-0336-14,
9231-0361-14,
9218-1260-14,
9218-1034-14,
9218-1052-14,
9218-1247-14,
9218-1248-14,
9218-1249-14,
9218-1250-14,
9218-1251-14,
9218-1252-14,
9215-0661-14,
9215-0662-14,
9215-0663-14,
9215-0664-14,
9215-0665-14,
9215-0666-14,
9216-0577-14,
9216-0578-14,
9216-0579-14,
9216-0580-14,
9216-0581-14,
9221-0201-00,
9221-0201-01,
9215-0128-14,
9218-1269-14,
9218-1270-14,
9218-1271-14,
9218-0933-14,
9231-0303-14,
9231-0045-14,
9215-0184-14,
9218-1113-14,
9218-0370-14,
9215-0071-14,
9218-0056-14,
9231-0130-14,
9218-1171-14,
9218-0862-14,
9217-0472-14,
9215-0560-14,
9215-0562-14,
9215-0558-14,
9216-0002-14,
9217-0209-14,
9217-0204-14,
9215-0082-14,
9218-0923-14,
9231-0021-14,
9218-0834-14,
9218-0194-14,
9215-0074-14,
9215-0073-14,
9218-0346-14,
9231-0091-14,
9239-0335-14,
9231-0135-14,
9231-0097-14,
9239-0334-14,
9218-0184-14,
9215-0158-14,
9218-0080-14,
9215-0020-14,
9218-0932-14,
9216-0574-14,
9218-1206-14,
9231-0172-00,
9221-0234-01,
9231-0302-14,
9218-0380-14,
9218-0744-14,
9216-0582-14,
9218-1129-14,
9218-1096-14,
9218-1272-14,
9218-1273-14,
9215-0972-14,
9215-0973-14,
9215-0974-14,
9215-0975-14,
9215-0976-14,
9231-0344-14,
9239-0324-14,
9218-0653-00,
9218-0671-14,
9218-0647-00,
9215-0538-00,
9231-0015-88,
9231-0026-14,
9218-0694-00,
9231-0036-14,
9231-0092-88,
9231-0092-14,
9215-0569-14,
9215-0569-00,
9231-0148-14,
9218-0714-00,
9215-0513-00,
9239-0181-14,
9239-0161-14,
9216-0206-14,
9217-0218-14,
9217-0244-14,
9218-0222-14,
9216-0223-14,
9216-0201-14,
9216-0203-14,
9239-0225-14,
9217-0214-14,
9217-0246-14,
9217-0250-14,
9217-0651-14,
9215-0381-14,
9217-0658-14,
9217-0656-14,
9215-0668-14,
9217-0655-14,
9217-0657-14,
9217-0652-14,
9217-0653-14,
9217-0659-14,
G000001,
9231-0019-88,
9232-0871-00,
9234-0223-14,
9231-0195-14,
9231-0194-14,
9232-1070-14,
9231-0090-14,
9232-0975-14,
9232-1071-14,
9231-0197-14,
9218-0644-14,
9231-0196-14,
9232-0393-14,
9232-1060-14,
9232-1065-14,
9232-1077-14,
9233-0064-14,
9233-0097-14,
9233-0633-14,
9232-0852-14,
9232-0059-14,
9232-0623-14,
9232-0853-14,
9235-0154-14,
9235-0609-14,
9234-0206-14,
9232-0122-14,
9232-0132-14,
9233-0637-14,
9235-0219-14,
9235-0647-14,
9215-0338-14,
9215-0359-14,
9232-1059-14,
9232-0648-14,
9233-0074-14,
9232-0898-14,
9232-0028-14,
9233-0607-14,
9233-0582-14,
9232-0666-14,
9233-0384-14,
9233-0073-14,
9235-0606-14,
9218-0057-14,
9218-0630-14,
9218-0040-14,
9218-0196-14,
9231-0199-14,
9232-0919-14,
9235-0144-14,
9235-0145-14,
9218-0137-14,
9232-1083-14,
9218-0984-14,
9232-1079-14,
9231-0198-14,
9235-0612-14,
9232-0323-14,
9215-0375-14,
9217-0056-14,
9215-0301-14,
9215-0323-14,
9218-0059-14,
9215-0358-14,
9218-0079-14,
9235-0204-14,
9235-0209-14,
9232-1053-14,
9232-1055-14,
9218-0031-14,
9218-1138-14,
9233-0613-14,
9215-0170-14,
9217-0435-14,
9234-0521-14,
9232-0222-14,
9239-0287-14,
9233-0568-14,
9232-0741-14,
9218-1054-14,
9232-1047-14,
9232-0831-14,
9215-0342-14,
9232-1082-14,
9234-0553-14,
9235-0503-14,
9235-0646-14,
9232-1004-14,
9232-0608-14,
9232-0619-14,
9232-0612-14,
9218-0081-14,
9232-0973-14,
9232-0984-14,
9232-1051-14,
9218-0181-14,
9215-0108-14,
9233-0387-14,
9217-0013-14,
9232-0130-14,
9232-0610-14,
9215-0186-14,
9215-0353-14,
9215-0364-14,
9217-0052-14,
9232-0861-14,
9232-0704-14,
9235-0218-14,
9217-0438-14,
9217-0116-14,
9232-0733-14,
9217-0054-14,
9232-0321-14,
9217-0042-14,
9233-0575-14,
9232-0926-14,
9233-0173-14,
9232-0048-14,
9232-0641-14,
9232-0631-14,
9217-0522-14,
9215-0097-00,
9218-0631-14,
9215-0249-14,
9217-0248-14,
9215-0173-14,
9218-0048-14,
9218-0063-14,
9218-0641-14,
9218-0132-14,
9218-0638-14,
9218-1162-14,
9218-1164-14,
9217-0647-14,
9233-0170-14,
9233-0583-14,
9218-0097-14,
9232-0925-14,
9232-0742-14,
9215-0156-14,
9218-0810-14,
9215-0346-14,
9218-0156-14,
9215-0352-14,
9216-0075-14,
9218-0990-14,
9233-0552-14,
9218-0109-14,
9218-0083-14,
9215-0320-14,
9232-0862-14,
9215-0101-14,
9232-0982-14,
9215-0314-14,
9218-0864-14,
9216-0064-14,
9218-0062-14,
9218-0174-14,
9232-0310-14,
9216-0041-14,
9215-0319-14,
9215-0191-14,
9218-0300-14,
9232-0134-14,
9218-1184-14,
9216-0036-14,
9218-0044-14,
9215-0118-14,
9218-0175-14,
9216-0040-14,
9218-0270-14,
9215-0284-14,
9218-0152-14,
9215-0110-14,
9218-0041-14,
9215-0564-14,
9231-0213-14,
9215-0365-14,
9218-0145-14,
9218-0072-14,
9218-0221-14,
9218-1107-14,
9233-0620-14,
9235-0152-14,
9215-0374-14,
9232-0911-14,
9232-0133-14,
9218-0169-14,
9233-0112-14,
9218-0003-14,
9216-0216-14,
9235-0485-14,
9217-0223-14,
9239-0334-15,
9215-0583-14,
9218-0314-14,
9215-0100-14,
9217-0253-14,
9218-0223-14,
9217-0469-14,
9232-0974-14,
9233-0527-14,
9218-0809-14,
9218-0328-14,
9215-0193-14,
9218-0323-14,
9215-0241-14,
9215-0242-14,
9218-0979-14,
9215-0131-14,
9218-0634-14,
9218-0727-14,
9218-0764-14,
9235-0631-14,
9216-0215-14,
9218-0058-14,
9217-0146-14,
9215-0194-14,
9215-0315-14,
9218-0050-14,
9231-0087-14,
9218-0118-14,
9218-0991-14,
9216-0053-14,
9218-0667-00,
9218-0894-00,
9218-0608-00,
9215-0008-00,
9218-0671-00,
9218-0672-00,
9216-0004-00,
9218-0632-00,
9218-0037-00,
9218-0035-14,
9218-0049-14,
9218-0049-00,
9218-0062-00,
9218-0067-14,
9218-0109-00,
9215-0532-00,
9231-0082-00,
9231-0082-88,
9218-0164-14,
9218-0002-00,
9218-0074-00,
9218-0074-14,
9218-0377-00,
9219-0017-00,
9218-0803-00,
9218-0085-00,
9218-0379-00,
9218-0146-14,
9218-0146-00,
9218-0685-00,
9218-0809-00,
9218-0810-00,
9218-0371-14,
9218-0390-00,
9231-0002-88,
9218-0743-00,
9218-0367-00,
9231-0006-88,
9217-0134-00,
9231-0004-88,
9231-0017-88,
9231-0022-00,
9231-0009-88,
9231-0020-00,
9231-0013-88,
9231-0003-88,
9218-0093-14,
9218-0093-00,
9231-0016-88,
9231-0010-88,
9231-0018-00,
9231-0011-88,
9231-0041-88,
9231-0086-00,
9231-0043-00,
9231-0043-88,
9231-0023-00,
9231-0034-88,
9218-0365-00,
9216-0041-00,
9231-0028-00,
9231-0089-88,
9231-0083-88,
9218-0971-00,
9216-0104-00,
9231-0026-88,
9231-0127-88,
9218-0943-00,
9231-0122-88,
9218-0826-00,
9231-0102-88,
9231-0036-88,
9231-0115-88,
9231-0037-88,
9231-0144-88,
9231-0148-88,
9218-0669-00,
9231-0138-88,
9218-0833-00,
9231-0156-88,
9218-0717-00,
9218-0384-00,
9231-0090-88,
9218-0041-00,
9218-0837-00,
9218-0835-00,
9216-0496-00,
9218-1076-00,
9218-0727-00,
9218-0763-00,
9218-1025-00,
9239-0150-14,
9231-0012-88,
9218-0381-00,
9218-0072-00,
9218-0779-00,
9700-0011-00,
9700-0012-00,
9700-0008-00,
9700-0015-00,
9700-0020-00,
9700-0021-00,
9700-0027-00,
9700-0029-00,
9700-0031-00,
9700-0033-00,
9700-0035-00,
9700-0036-00,
9700-0037-00,
9700-0042-00,
9700-0043-00,
9700-0044-00,
9700-0045-00,
9700-0039-00,
9700-0047-00,
9700-0049-00,
9700-0050-00,
9700-0051-00,
9700-0052-00,
9700-0055-00,
9700-0056-00,
9700-0057-00,
9700-0058-00,
9700-0059-00,
9700-0060-00,
9700-0062-00,
9700-0063-00,
9700-0064-00,
9700-0066-00,
9700-0067-00,
9700-0068-00,
9700-0069-00,
9700-0073-00,
9700-0074-00,
9700-0075-00,
9700-0077-00,
9700-0079-00,
9700-0071-00,
9700-0083-00,
9700-0084-00,
9700-0086-00,
9700-0087-00,
9700-0090-00,
9700-0092-00,
9700-0093-00,
9700-0095-00,
9700-0099-00,
9700-0100-00,
9700-0103-00,
9700-0105-00,
9700-0107-00,
9700-0108-00,
9700-0110-00,
9700-0112-00,
9700-0113-00,
9700-0114-00,
9700-0115-00,
9700-0120-00,
9700-0123-00,
9700-0125-00,
9700-0126-00,
9700-0130-00,
9700-0131-00,
9700-0133-00,
9700-0134-00,
9700-0136-00,
9700-0137-00,
9700-0138-00,
9700-0139-00,
9700-0140-00,
9700-0144-00,
9700-0145-00,
9700-0146-00,
9700-0148-00,
9700-0150-00,
9700-0152-00,
9700-0153-00,
9700-0154-00,
9700-0156-00,
9700-0157-00,
9700-0160-00,
9700-0166-00,
9700-0167-00,
9700-0169-00,
9700-0173-00,
9700-0174-00,
9700-0175-00,
9700-0176-00,
9700-0179-00,
9700-0180-00,
9700-0181-00,
9700-0182-00,
9700-0183-00,
9700-0184-00,
9700-0185-00,
9700-0187-00,
9700-0188-00,
9700-0189-00,
9700-0190-00,
9700-0191-00,
9700-0192-00,
9700-0162-00,
9700-0163-00,
9700-0195-00,
9700-0196-00,
9700-0201-00,
9701-0049-00,
9700-0168-00,
9700-0170-00,
9700-0085-00,
9700-0307-00,
9701-0004-00,
9701-0010-00,
9701-0011-00,
9701-0012-00,
9701-0013-00,
9701-0014-00,
9701-0015-00,
9701-0017-00,
9701-0018-00,
9701-0023-00,
9701-0024-00,
9701-0025-00,
9701-0026-00,
9701-0027-00,
9701-0029-00,
9701-0030-00,
9701-0032-00,
9701-0033-00,
9701-0034-00,
9701-0039-00,
9701-0020-00,
9700-0244-00,
9700-0198-00,
9700-0332-00,
9700-0334-00,
9700-0299-00,
9700-0399-00,
9701-0031-00,
9700-0177-00,
9700-0358-01,
9700-0341-00,
9700-0342-00,
9701-0066-00,
9700-0246-00,
9701-0061-00,
9700-0343-00,
9700-0308-00,
9700-0346-00,
9700-0345-00,
9701-0067-00,
9700-0347-00,
9700-0296-00,
9700-0313-00,
9701-0069-00,
9700-0350-00,
9700-0351-00,
9700-0352-00,
9700-0353-00,
9700-0354-00,
9700-0355-00,
9700-0356-00,
9700-0357-00,
9700-0358-00,
9701-0070-00,
9700-0359-00,
9700-0360-00,
9700-0361-00,
9700-0362-00,
9700-0363-00,
9700-0364-00,
9700-0365-00,
9700-0238-00,
9700-0349-00,
9700-0325-00,
9701-0035-00,
9700-0318-00,
9700-0002-00,
9700-0003-00,
9700-0006-00,
9700-0009-00,
9700-0013-00,
9700-0014-00,
9700-0017-00,
9700-0018-00,
9700-0022-00,
9700-0024-00,
9700-0046-00,
9700-0102-00,
9700-0028-00,
9700-0007-00,
9700-0061-00,
9700-0010-00,
9700-0054-00,
9700-0023-00,
9700-0053-00,
9700-0016-00,
9700-0040-00,
9700-0041-00,
9700-0082-00,
9700-0081-00,
9701-0002-00,
9701-0003-00,
9701-0001-00,
9700-0098-00,
9700-0106-00,
9700-0104-00,
9700-0004-00,
9700-0032-00,
9700-0025-00,
9700-0026-00,
9700-0117-00,
9700-0119-00,
9701-0005-00,
9700-0122-00,
9701-0006-00,
9700-0118-00,
9700-0111-00,
9700-0116-00,
9700-0128-00,
9700-0096-00,
9700-0135-00,
9700-0127-00,
9700-0094-00,
9700-0141-00,
9700-0147-00,
9700-0124-00,
9700-0048-00,
9700-0151-00,
9700-0155-00,
9700-0172-00,
9700-0129-00,
9701-0008-00,
9700-0178-00,
9701-0021-00,
9700-0038-00,
9700-0091-00,
9700-0194-00,
9700-0165-00,
9700-0019-00,
9701-0007-00,
9700-0161-00,
9700-0121-00,
9701-0022-00,
9700-0132-00,
9700-0200-00,
9700-0158-00,
9700-0097-00,
9701-0009-00,
9700-0202-00,
9700-0089-00,
9700-0034-00,
9700-0070-00,
9700-0101-00,
9701-0016-00,
9701-0019-00,
9700-0142-00,
9700-0143-00,
9700-0193-00,
9700-0080-00,
9700-0088-00,
9700-0076-00,
9700-0199-00,
9700-0072-00,
9700-0197-00,
9700-0065-00,
9700-0379-00,
9700-0370-00,
9700-0376-00,
9700-0377-00,
9700-0378-00,
9700-0381-00,
9700-0382-00,
9700-0383-00,
9700-0386-00,
9700-0390-00,
9700-0396-00,
9700-0400-00,
9700-0401-00,
9700-0392-00,
9700-0397-00,
9700-0402-00,
9700-0387-00,
9700-0393-00,
9700-0398-00,
9700-0405-00,
9700-0388-00,
9700-0394-00,
9700-0395-00,
9700-0389-00,
9700-0380-00,
9700-0384-00,
9700-0385-00,
9700-0391-00,
9700-0375-00,
9700-0404-00,
9700-0403-00,
9701-0040-00,
9700-0078-00,
9700-0149-00,
9700-0205-00,
9700-0240-00,
9700-0270-00,
9700-0272-00,
9700-0278-00,
9701-0048-00,
9701-0050-00,
9701-0051-00,
9700-0221-00,
9700-0235-00,
9700-0249-00,
9700-0253-00,
9700-0260-00,
9700-0263-00,
9700-0265-00,
9700-0266-00,
9700-0267-00,
9700-0269-00,
9700-0259-00,
9700-0261-00,
9700-0264-00,
9700-0262-00,
9701-0054-00,
9700-0252-00,
9700-0282-00,
9700-0281-00,
9700-0291-00,
9700-0294-00,
9700-0283-00,
9700-0286-00,
9700-0284-00,
9700-0285-00,
9700-0287-00,
9700-0248-00,
9700-0300-00,
9700-0301-00,
9701-0043-00,
9700-0305-00,
9700-0304-00,
9700-0303-00,
9701-0059-00,
9700-0217-00,
9700-0220-00,
9700-0226-00,
9700-0227-00,
9700-0228-00,
9700-0229-00,
9700-0230-00,
9700-0231-00,
9700-0234-00,
9700-0239-00,
9700-0241-00,
9700-0242-00,
9701-0037-00,
9701-0041-00,
9701-0047-00,
9700-0306-00,
9701-0060-00,
9700-0275-00,
9700-0290-00,
9700-0309-00,
9700-0295-00,
9700-0315-00,
9700-0316-00,
9700-0317-00,
9700-0268-00,
9700-0310-00,
9700-0312-00,
9700-0314-00,
9700-0319-00,
9700-0326-00,
9700-0327-00,
9700-0328-00,
9700-0321-00,
9700-0322-00,
9700-0324-00,
9700-0323-00,
9700-0250-00,
9700-0279-00,
9700-0333-00,
9700-0297-00,
9700-0258-00,
9701-0065-00,
9700-0329-00,
9700-0330-00,
9700-0331-00,
9701-0064-00,
9700-0320-00,
9700-0335-00,
9700-0336-00,
9700-0337-00,
9700-0274-00,
9701-0058-00,
9700-0251-00,
9700-0339-00,
9700-0340-00,
9700-0368-00,
9700-0367-00,
9700-0344-00,
9701-0068-00,
9700-0348-00,
9700-0366-00,
9700-0369-00,
9701-0071-00,
9700-0373-00,
9701-0076-00,
9701-0055-00,
9700-0293-00,
9700-0374-00,
9701-0074-00,
9701-0075-00,
9701-0063-00,
9700-0372-00,
9701-0073-00,
9700-0210-00,
9700-0209-00,
9700-0208-00,
9700-0207-00,
9700-0212-00,
9700-0213-00,
9700-0216-00,
9700-0219-00,
9700-0214-00,
9700-0225-00,
9700-0224-00,
9700-0218-00,
9700-0222-00,
9700-0223-00,
9700-0206-00,
9700-0211-00,
9700-0236-00,
9700-0233-00,
9701-0036-00,
9700-0247-00,
9700-0243-00,
9691-0013-09,
9691-0006-09,
9691-0003-09,
9691-0028-09,
9691-0023-00,
9691-0029-00,
9003-0108-00,
9004-0616-00,
9003-1906-00,
9007-1160-00,
9007-1159-00,
9005-0120-00,
9005-0129-00,
9005-0134-00,
9005-0137-00,
9005-0138-00,
9005-0139-00,
9005-0140-00,
9005-0141-00,
9005-0142-00,
9005-0143-00,
9005-0147-00,
9005-0148-00,
9005-0149-00,
9005-0151-00,
9005-0167-00,
9005-0181-00,
9005-0182-00,
9005-0190-00,
9005-0235-00,
9005-0236-00,
9005-0247-00,
9005-0248-00,
9005-0249-00,
9005-0250-00,
9005-0251-00,
9005-0253-00,
9005-0255-00,
9005-0257-00,
9005-0259-00,
9005-0261-00,
9005-0535-00,
9005-0538-00,
9005-0702-00,
9005-0703-00,
9005-0705-00,
9005-0901-00,
9005-1003-00,
9005-0171-00,
9005-0172-00,
9005-0173-00,
9005-1204-00,
9005-1207-00,
9005-1208-00,
9005-1209-00,
9005-1210-00,
9005-1212-00,
9005-1213-00,
9005-1226-00,
9005-1227-00,
9005-1303-00,
9005-1304-00,
9005-1309-00,
9005-1401-00,
9005-1403-00,
9005-1404-00,
9005-1405-00,
9005-1412-00,
9005-1417-00,
9005-1421-00,
9005-1313-00,
9005-1315-00,
9005-1317-00,
9005-1505-00,
9005-1507-00,
9005-2017-00,
9005-2019-00,
9005-2021-00,
9005-2022-00,
9005-2024-00,
9005-1701-00,
9005-2001-00,
9005-2160-00,
9005-2162-00,
9005-2163-00,
9005-2164-00,
9005-2165-00,
9005-2166-00,
9005-2167-00,
9005-2169-00,
9005-2171-00,
9005-2172-00,
9005-2173-00,
9005-2179-00,
9005-2180-00,
9005-2190-00,
9005-2193-00,
9005-2194-00,
9006-0136-00,
9006-0157-00,
9006-0158-00,
9006-0160-00,
9006-0165-00,
9006-0167-00,
9006-0170-00,
9006-0172-00,
9006-0175-00,
9006-0176-00,
9006-0178-00,
9006-0180-00,
9006-0181-00,
9006-0182-00,
9006-0183-00,
9006-0207-00,
9006-0210-00,
9006-0212-00,
9006-0213-00,
9006-0214-00,
9006-0215-00,
9006-0186-00,
9006-0187-00,
9006-0189-00,
9006-0191-00,
9006-0198-00,
9006-0227-00,
9006-0270-00,
9006-0271-00,
9006-0272-00,
9006-0273-00,
9006-0274-00,
9006-0275-00,
9006-0276-00,
9006-0277-00,
9006-0278-00,
9006-0279-00,
9006-0280-00,
9006-0281-00,
9006-0284-00,
9006-0285-00,
9006-0288-00,
9006-0289-00,
9006-0291-00,
9006-0292-00,
9006-0293-00,
9006-0294-00,
9006-0296-00,
9006-0297-00,
9006-0298-00,
9006-0299-00,
9006-0300-00,
9006-0301-00,
9006-0302-00,
9006-0250-00,
9006-0252-00,
9006-0253-00,
9006-0426-00,
9006-0430-00,
9006-0431-00,
9006-0440-00,
9006-0502-00,
9006-0234-00,
9006-0424-00,
9006-0505-00,
9006-0509-00,
9006-0510-00,
9006-0511-00,
9006-0513-00,
9006-0515-00,
9006-0516-00,
9006-0524-00,
9006-0527-00,
9006-0530-00,
9006-0601-00,
9006-0603-00,
9006-0607-00,
9006-0608-00,
9006-0626-00,
9006-0716-00,
9006-0802-00,
9006-0819-00,
9006-0820-00,
9006-0821-00,
9006-0822-00,
9006-0826-00,
9006-0843-00,
9006-0843-01,
9006-0854-00,
9006-0860-AD,
9006-0862-00,
9006-0850-00,
9008-0303-00,
9008-0305-00,
9008-0307-00,
9008-0313-00,
9008-0317-00,
9008-0318-00,
9008-0319-00,
9008-0320-00,
9008-0321-00,
9008-0322-00,
9008-0324-00,
9008-0326-00,
9008-0356-00,
9008-0357-00,
9008-0359-00,
9008-0360-00,
9008-0361-00,
9008-0362-00,
9008-0363-00,
9008-0365-00,
9008-0367-00,
9008-0369-00,
9008-0402-00,
9008-0701-00,
9008-0339-00,
9008-0340-00,
9008-0341-00,
9008-0342-00,
9008-0345-00,
9008-0347-00,
9008-0349-00,
9008-0351-00,
9008-2055-00,
9008-2060-00,
9009-0107-00,
9009-0128-00,
9009-0129-00,
9009-0130-00,
9009-0131-00,
9009-0134-00,
9009-0135-00,
9009-0136-00,
9009-0138-00,
9009-0141-00,
9009-0142-00,
9009-0143-00,
9009-0144-00,
9009-0145-00,
9009-0146-00,
9009-0147-00,
9009-0148-00,
9009-0149-00,
9009-0152-00,
9009-0158-00,
9009-0110-00,
9009-0113-00,
9009-0114-00,
9009-0116-00,
9009-0117-00,
9009-0118-00,
9009-0119-00,
9009-0120-00,
9009-0122-00,
9009-0124-00,
9009-0126-00,
9044-0103-00,
9044-0106-00,
9090-0107-00,
9090-0108-00,
9090-0109-00,
9090-0110-00,
9090-0112-00,
9090-0113-00,
9090-0114-00,
9090-0116-00,
9095-0106-00,
9095-0107-00,
9005-2195-00,
9090-0117-00,
9005-2176-00,
9005-0258-00,
9005-2175-00,
9005-2186-00,
9005-2199-00,
9006-0863-00,
9005-2202-00,
9090-0118-00,
9006-0839-00,
9006-0848-00,
9005-2201-00,
9005-0265-00,
9005-0266-00,
9005-2203-00,
9008-0316-00,
9005-1406-00,
9006-0168-01,
9006-0117-00,
9005-1310-00,
9006-0206-00,
9005-1311-00,
9005-0306-00,
9005-1306-00,
9005-1307-00,
9081-0108-00,
9005-0135-00,
9008-3001-00,
9009-0109-00,
9006-0163-00,
9006-0164-00,
9006-0169-00,
9006-0184-00,
9006-0235-00,
9008-0335-00,
9044-0101-00,
9006-0262-00,
9006-0263-00,
9008-0348-00,
9009-0121-00,
9008-0353-00,
9009-0127-00,
9006-0503-00,
9008-0302-00,
9006-0504-00,
9006-0409-00,
9005-0108-00,
9006-0108-00,
9005-1508-00,
9006-0508-00,
9005-1314-00,
9006-0422-00,
9006-0517-00,
9005-1510-00,
9006-0518-00,
9006-0519-00,
9006-0410-00,
9005-1302-00,
9006-0526-00,
9006-0525-00,
9005-1427-00,
9005-1428-00,
9005-1429-00,
9006-0425-00,
9005-1430-00,
9006-0533-00,
9006-0609-00,
9005-2015-00,
9006-0604-00,
9005-1231-00,
9006-0232-00,
9005-0170-00,
9005-0302-00,
9008-0323-00,
9005-0264-00,
9006-0838-00,
9006-0849-00,
9006-0264-00,
9005-1308-00,
9005-0180-00,
9005-1320-00,
9006-0853-00,
9005-2189-00,
9008-2064-00,
9126-0341-00,
9124-1409-02,
9126-0354-00,
9126-0355-00,
9126-0422-00,
9129-0207-00,
9129-0208-00,
9129-0209-00,
9128-0512-HE,
9131-1449-00,
9133-1539-00,
9133-2011-00,
9134-1447-00,
9134-1448-00,
9134-1449-00,
9135-0169-00,
9135-0182-00,
9135-0185-00,
9135-0186-00,
9135-0197-00,
9135-0243-00,
9135-0245-00,
9135-0311-00,
9135-0352-00,
9135-0409-00,
9135-0501-00,
9135-0624-00,
9135-0544-00,
9135-0550-00,
9135-0715-00,
9135-0902-00,
9135-1301-00,
9135-2061-00,
9135-2062-00,
9135-2063-00,
9135-2072-00,
9135-2082-00,
9136-0107-00,
9136-0221-00,
9136-0222-00,
9136-0222-HE,
9136-0235-00,
9136-0239-00,
9135-2028-00,
9136-0330-HE,
9136-0430-00,
9136-0435-00,
9136-0610-00,
9136-0421-00,
9136-0423-00,
9136-1502-00,
9136-1502-HE,
9136-1522-00,
9136-1523-00,
9136-1524-00,
9136-0810-00,
9136-0907-00,
9136-0908-00,
9136-0911-00,
9137-0141-00,
9137-0144-00,
9137-0155-00,
9137-0156-00,
9137-0159-00,
9137-0216-00,
9137-0405-00,
9137-0118-00,
9138-0154-00,
9138-0156-00,
9138-0159-00,
9138-0163-00,
9138-0214-00,
9138-0217-00,
9138-0218-00,
9138-0221-00,
9138-0223-00,
9138-0227-00,
9138-0228-00,
9138-0405-00,
9144-0136-00,
9144-0143-00,
9138-0120-00,
9138-0125-00,
9138-0125-HE,
9138-0417-00,
9138-0418-00,
9138-0423-00,
9138-0428-00,
9138-0601-00,
9144-1004-00,
9145-0214-00,
9145-0215-00,
9146-0108-00,
9146-0109-00,
9138-0172-00,
9137-0217-00,
9145-0305-00,
9135-2068-00,
9135-2087-00,
9137-0166-00,
9137-0160-00,
9138-0167-00,
9137-0165-00,
9137-0128-00,
9136-0802-00,
9138-0432-00,
9137-0218-00,
9138-0133-00,
9135-0359-00,
9136-1528-00,
9136-1529-00,
9138-0903-00,
9135-0444-00,
9138-0433-00,
9144-1005-00,
9136-0813-00,
9220-0180-00,
9220-0180-01,
9220-0180-02,
9243-0054-00,
9126-0425-00,
9125-0121-00,
9125-0123-00,
9126-0831-00,
9136-1525-00,
9126-0829-00,
9126-0352-00,
9146-0112-00,
9135-0108-00,
9135-0414-00,
9128-0512-00,
9128-0513-00,
9126-0423-00,
9135-0102-00,
9144-0201-00,
9129-0508-00,
9136-0330-00,
9126-0346-00,
9136-0906-00,
9138-0408-00,
9137-0157-00,
9134-0303-00,
9131-0309-00,
9106-0701-00,
9120-1409-02,
9121-1407-02,
9121-1409-02,
9122-1401-02,
9123-1407-02,
9123-1408-02,
9123-1409-02,
9124-1406-02,
9124-1408-02,
9124-1409-00,
9130-0301-00,
9131-0202-00,
9131-0308-00,
9131-0317-00,
9131-1307-00,
9131-0301-00,
9132-1311-00,
9133-1515-00,
9133-1517-00,
9134-0203-00,
9134-1409-00,
9134-1420-00,
9134-1425-00,
9134-1429-00,
9133-1524-00,
9136-0419-00,
9132-1421-01,
9133-1522-01,
9134-0306-00,
9132-1417-00,
9136-0131-00,
9127-0719-00,
9132-1440-00,
9121-0101-00,
9121-0102-00,
9121-0201-00,
9121-0202-00,
9123-0202-00,
9123-0203-00,
9121-0301-00,
9122-0301-00,
9123-0301-00,
9124-0301-00,
9121-0302-00,
9122-0302-00,
9124-0302-00,
9121-0303-00,
9122-0303-00,
9123-0303-00,
9124-0303-00,
9129-0501-00,
9132-0301-00,
9132-0303-00,
9133-0302-00,
9133-0303-00,
9129-0507-00,
9134-0301-00,
9133-0301-00,
9134-0302-00,
9131-0203-00,
9131-0302-00,
9131-0303-00,
9005-0112-00,
9005-0115-00,
9005-0256-00,
9005-0528-00,
9005-0529-00,
9005-0534-00,
9005-1005-00,
9005-1006-00,
9005-1009-00,
9005-1234-00,
9005-1235-00,
9005-2026-00,
9005-2027-00,
9005-2029-00,
9005-2030-00,
9005-1605-00,
9005-2012-00,
9005-2014-00,
9005-2034-00,
9005-2041-00,
9005-2051-00,
9005-2054-00,
9005-2055-00,
9005-2056-00,
9005-2057-00,
9005-2060-00,
9005-2061-00,
9005-2043-00,
9005-2044-00,
9005-2045-00,
9005-2048-00,
9005-2049-00,
9005-2066-00,
9005-2068-00,
9005-2069-00,
9005-2070-00,
9005-2078-00,
9005-2079-00,
9005-2083-00,
9005-2086-00,
9005-2087-00,
9005-2089-00,
9005-2090-00,
9005-2091-00,
9005-2102-00,
9005-2104-00,
9005-2105-00,
9005-2107-00,
9005-2112-00,
9005-2117-00,
9005-2118-00,
9005-2096-00,
9005-2097-00,
9005-2099-00,
9005-2100-00,
9005-2073-00,
9005-2131-00,
9005-2132-00,
9005-2133-00,
9005-2135-00,
9005-2137-00,
9005-2138-00,
9005-2141-00,
9005-2129-00,
9005-2145-00,
9006-0126-00,
9006-0128-00,
9006-0433-00,
9006-0613-00,
9006-0614-00,
9006-0615-00,
9006-0616-00,
9006-0611-00,
9006-0625-00,
9006-0627-00,
9006-0628-00,
9006-0634-00,
9006-0635-00,
9006-0636-00,
9006-0637-00,
9006-0638-00,
9006-0642-00,
9006-0643-00,
9006-0646-00,
9006-0650-00,
9006-0651-00,
9006-0652-00,
9006-0648-00,
9006-0654-00,
9006-0659-00,
9006-0661-00,
9006-0667-00,
9006-0671-00,
9006-0678-00,
9006-0687-00,
9006-0689-00,
9006-0690-00,
9006-0700-00,
9006-0701-00,
9006-0704-00,
9006-0705-00,
9006-0710-00,
9006-0714-00,
9006-0718-00,
9006-0738-00,
9006-0739-00,
9006-0744-00,
9006-0745-00,
9006-0747-00,
9006-0753-00,
9006-0754-00,
9006-0758-00,
9006-0759-00,
9006-0760-00,
9006-0762-00,
9006-0763-00,
9006-0765-00,
9006-0767-00,
9006-0780-00,
9006-0782-00,
9006-0783-00,
9006-0727-00,
9006-0729-00,
9006-0734-00,
9006-0735-00,
9008-2002-00,
9008-2010-00,
9008-2011-00,
9008-2012-00,
9008-2013-00,
9008-2014-00,
9008-2025-00,
9008-2028-00,
9090-0101-00,
9090-0102-00,
9095-0102-00,
9095-0103-00,
9127-0303-00,
9131-0306-00,
9131-0311-00,
9134-1315-00,
9134-1410-00,
9134-1441-00,
9135-0136-00,
9135-0111-00,
9135-0211-00,
9135-0219-00,
9135-0223-00,
9135-0316-00,
9135-0318-00,
9135-0331-00,
9135-0332-00,
9135-0340-00,
9135-0350-00,
9135-0351-00,
9135-0368-00,
9135-0370-00,
9135-0373-00,
9135-0374-00,
9135-0375-00,
9135-0403-00,
9135-0410-00,
9135-0442-00,
9135-0443-00,
9135-0449-00,
9135-0513-00,
9135-0412-00,
9135-0532-00,
9135-0622-00,
9135-0623-00,
9135-0705-00,
9135-0543-00,
9135-0545-00,
9135-0552-00,
9135-0802-00,
9135-0805-00,
9135-0809-00,
9135-2051-00,
9136-0304-00,
9136-0310-00,
9136-0327-00,
9135-2032-00,
9135-2033-00,
9135-2040-00,
9135-2022-00,
9136-0432-00,
9136-0433-00,
9136-0609-00,
9136-0705-00,
9136-0406-00,
9135-0711-00,
9136-0707-00,
9136-0805-00,
9136-0811-00,
9136-0811-01,
9136-0812-01,
9137-0213-00,
9137-0401-00,
9137-0805-00,
9138-0158-00,
9138-0164-00,
9138-0213-00,
9138-0215-00,
9138-0216-00,
9138-0406-00,
9138-0407-00,
9144-0112-00,
9144-0141-00,
9144-0142-00,
9138-0420-00,
9138-0502-00,
9138-0702-00,
9144-0906-00,
9145-0211-00,
9146-0110-00,
9136-1527-00,
9137-0306-00,
9135-2085-00,
9131-1429-00,
9231-0133-00,
9126-0376-00,
9134-1451-00,
9005-2191-00,
9137-0161-00,
7068-0301-00,
9135-0206-00,
9135-2045-00,
9135-0709-00,
9135-0209-00,
9135-0362-00,
9137-0114-00,
9005-2031-00,
9006-0622-00,
9006-0621-00,
9005-2037-00,
9008-2004-00,
9005-2042-00,
9005-2050-00,
9006-0641-00,
9006-0645-00,
9005-2062-00,
9006-0649-00,
9005-2074-00,
9006-0662-00,
9006-0664-00,
9006-0668-00,
9007-1116-00,
9006-0702-00,
9006-0703-00,
9005-2092-00,
9005-2093-00,
9007-1132-00,
9006-0713-00,
9006-0720-00,
9005-2101-00,
9006-0726-00,
9005-2128-00,
9006-0749-00,
9005-2130-00,
9005-2127-00,
9006-0731-00,
9005-1102-00,
9005-2120-00,
9005-1514-00,
9007-1146-00,
9006-0776-00,
9008-2033-00,
9005-2147-00,
9006-0224-00,
9137-0702-00,
9132-0203-00,
9136-0706-00,
9095-0101-00,
9005-2072-00,
9136-0815-00,
9128-0506-00,
9006-0736-00,
9135-0714-00,
8201-0101-01,
8201-0101-03,
8201-0102-01,
8201-0110-00,
8201-0410-00,
8201-0411-00,
8202-0803-00,
8202-0805-00,
8201-0208-00,
8201-0405-00,
8201-0201-09,
8202-0801-00,
8202-0802-00,
8201-0401-00,
8201-0202-00,
8201-0103-00,
8201-0104-00,
8200-0301-00,
8201-0201-01,
8201-0409-00,
9012-0108-00,
9012-0109-00,
9012-0111-00,
9012-0116-00,
9012-0120-00,
9012-0122-00,
9012-0106-00,
9012-0207-00,
9012-0208-00,
9012-0213-00,
9012-0309-00,
9012-0315-00,
9012-0317-00,
9012-0318-00,
9012-0322-00,
9012-0323-00,
9012-0330-00,
9012-0406-00,
9012-0431-00,
9012-0601-00,
9012-0803-00,
9012-0901-00,
9012-1011-00,
9012-1014-00,
9012-1018-00,
9012-0223-00,
9012-0302-00,
9012-1027-00,
9012-1029-00,
9012-1053-00,
9012-1054-00,
9012-1057-00,
9012-1102-00,
9013-0126-00,
9013-0130-00,
9013-0131-00,
9013-0132-00,
9013-0134-00,
9013-0143-00,
9013-0208-00,
9013-0301-00,
9013-0305-00,
9013-0306-00,
9013-0116-00,
9013-0315-00,
9013-0319-00,
9013-0334-00,
9013-0339-00,
9013-0401-00,
9013-0501-00,
9013-0605-00,
9013-0629-00,
9013-0630-00,
9013-0709-00,
9013-0711-00,
9013-0512-00,
9013-0556-00,
9013-0601-00,
9013-0602-00,
9013-0831-00,
9013-0913-00,
9013-1839-00,
9013-0718-00,
9013-0803-00,
9013-1875-00,
9014-0102-00,
9014-0204-00,
9014-0218-00,
9014-0502-00,
9015-0201-00,
9015-0202-00,
9015-0209-00,
9015-0210-00,
9013-1845-00,
9013-0330-00,
9013-0337-00,
9013-0550-00,
9013-0316-00,
9013-0329-00,
9013-0714-00,
9013-0139-00,
9012-0412-00,
9012-0441-00,
9013-0327-00,
9012-0407-00,
9012-1055-00,
9012-0438-00,
9012-0206-00,
9012-0202-00,
9013-0308-00,
9012-0303-00,
9012-0305-00,
9012-0307-00,
9012-0102-00,
9012-0201-00,
9012-0107-00,
9012-0104-00,
9012-0304-00,
9012-0103-00,
9013-0603-00,
9013-0509-00,
9012-0115-00,
9013-0115-00,
9014-0203-00,
9013-0320-00,
9013-0511-00,
9012-0301-00,
9012-0306-00,
9012-0222-00,
9013-0505-00,
9013-0332-00,
9012-0308-00,
9013-0108-00,
9012-0204-00,
9012-0205-00,
9012-1026-00,
9012-1020-00,
9012-1021-00,
9013-0312-00,
9013-1842-00,
9013-0716-00,
9013-0326-00,
8204-0105-00,
8204-0109-00,
8204-0110-00,
8204-0111-00,
8204-0112-00,
8204-0120-00,
8204-0127-00,
8204-0128-00,
8204-0129-00,
8204-0135-00,
8204-0203-00,
8204-0205-00,
8204-0223-00,
8204-0122-00,
9204-0137-00,
8204-0124-00,
8204-0224-00,
8204-0101-00,
8204-0103-00,
8204-0104-00,
8204-0102-00,
8204-0204-00,
8204-0201-00,
8204-0202-00,
8204-0210-00,
8204-0222-00,
8204-0238-00,
8204-0125-00,
7166-0101-01,
7166-0102-01,
9047-0308-00,
9047-0318-00,
9814-0861-00,
9820-0708-00,
9814-0860-00,
9814-1022-00,
9814-1169-00,
9814-1166-00,
9814-0134-00,
9814-0112-00,
9814-0116-00,
9814-0117-00,
9814-0118-00,
9814-0119-00,
9814-0120-00,
9814-0121-00,
9814-0122-00,
9814-0122-01,
9814-0123-00,
9814-0123-01,
9814-0124-00,
9814-0124-01,
9814-0124-U0,
9814-0125-00,
9814-0126-00,
9814-0127-00,
9814-0128-00,
9814-0129-00,
9814-0130-00,
9814-0131-00,
9814-0132-00,
9814-0133-00,
9814-0135-00,
9814-0135-01,
9814-0136-00,
9814-0139-00,
9814-0140-00,
9814-0177-00,
9814-0178-00,
9814-0182-00,
9814-0183-00,
9814-0190-00,
9814-0194-00,
9814-0198-00,
9814-0199-00,
9814-0201-00,
9814-0201-U0,
9814-0202-00,
9814-0202-U0,
9814-0203-00,
9814-0204-00,
9814-0205-00,
9814-0207-00,
9814-0207-01,
9814-0209-00,
9814-0210-00,
9814-0216-00,
9814-0217-00,
9814-0220-00,
9814-0223-00,
9814-0224-00,
9814-0235-00,
9814-0236-00,
9814-0237-00,
9814-0238-00,
9814-0239-00,
9814-0240-00,
9814-0248-00,
9814-0251-00,
9814-0303-00,
9814-0142-00,
9814-0143-00,
9814-0144-00,
9814-0145-00,
9814-0146-00,
9814-0148-00,
9814-0149-00,
9814-0153-00,
9814-0154-00,
9814-0157-00,
9814-0159-00,
9814-0161-00,
9814-0165-00,
9814-0166-00,
9814-0169-00,
9814-0170-00,
9814-0172-00,
9814-0173-00,
9814-0174-00,
9814-0820-U0,
9814-0821-00,
9814-0822-00,
9814-0823-00,
9814-0825-00,
9814-0827-00,
9814-0829-00,
9814-0838-00,
9814-0840-00,
9814-0841-00,
9814-0843-00,
9814-0844-00,
9814-1003-00,
9814-1005-00,
9814-1006-00,
9814-0806-00,
9814-0807-00,
9814-0809-00,
9814-0810-00,
9814-1007-01,
9814-1008-00,
9814-1008-38,
9814-1010-00,
9814-1014-00,
9814-1014-U0,
9814-1015-00,
9814-1023-00,
9814-1024-00,
9814-1024-U0,
9814-1025-00,
9814-1025-U0,
9814-1027-00,
9814-1028-00,
9814-1029-00,
9814-1031-00,
9814-1032-00,
9814-1032-01,
9814-1032-U0,
9814-1033-00,
9814-1033-U0,
9814-1034-00,
9814-1034-U0,
9814-1036-00,
9814-1037-00,
9814-1037-U0,
9814-1038-00,
9814-1039-00,
9814-1039-U0,
9814-1040-00,
9814-1040-U0,
9814-1041-01,
9814-1041-U0,
9814-1042-00,
9814-1043-00,
9814-1044-00,
9814-1047-00,
9814-1048-00,
9814-1052-00,
9814-1066-00,
9814-1067-00,
9814-1070-00,
9814-1071-00,
9814-1075-00,
9814-1078-00,
9814-1079-00,
9814-1080-00,
9814-1081-00,
9814-1082-00,
9814-1082-U0,
9814-1083-00,
9814-1084-00,
9814-1098-00,
9814-1099-00,
9814-1127-00,
9814-1128-00,
9814-1129-00,
9814-1132-00,
9814-1134-00,
9814-1135-00,
9814-1135-02,
9814-1135-U0,
9814-1135-U2,
9814-1136-00,
9814-1137-U0,
9814-1138-00,
9814-1140-01,
9814-1143-00,
9814-1148-00,
9814-1150-00,
9814-1164-00,
9820-0001-00,
9820-0002-00,
9820-0005-00,
9820-0007-00,
9820-0008-00,
9820-0009-00,
9820-0009-U0,
9820-0010-00,
9820-0018-00,
9820-0101-00,
9820-0102-00,
9820-0102-U0,
9820-0103-00,
9820-0203-00,
9820-0204-00,
9820-0207-00,
9820-0208-00,
9820-0209-00,
9820-0402-00,
9820-0603-00,
9820-0708-U0,
9820-0709-00,
9814-1016-02,
9814-0812-00,
9814-0817-00,
9814-0819-00,
9814-1016-01,
9814-1016-U0,
9814-1018-00,
9814-1018-U0,
9814-1019-00,
9814-1191-00,
9820-0717-00,
9814-0863-00,
9814-0246-00,
9814-1179-00,
9814-1180-00,
9814-0185-00,
9814-1182-00,
9814-1181-00,
9814-1183-00,
9814-1187-00,
9814-1186-00,
9814-1092-00,
9814-1146-00,
9814-0864-00,
9814-0803-00,
9814-0804-00,
9814-0176-00,
9814-0168-00,
9814-0151-00,
9814-0401-00,
9814-0141-00,
9814-0108-38,
9814-1137-00,
9814-1016-00,
9814-0811-00,
9814-1007-00,
9814-1021-00,
9814-1017-00,
9814-0114-00,
9814-0820-00,
9814-0105-00,
9814-0106-00,
9814-0110-00,
9814-0110-U0,
9814-0126-U0,
9814-0127-U0,
9814-0180-U0,
9814-0206-00,
9814-0206-U0,
9814-0235-U0,
9814-0238-U0,
9814-0806-U0,
9814-0112-02,
9814-0137-00,
9814-1174-00,
9214-1175-00,
9814-1176-00,
9814-1175-00,
9814-1177-00,
9814-1178-00,
9814-0108-00,
9106-1020-00,
9107-0501-00,
9107-1020-00,
9118-0101-00,
9118-0102-00,
9118-0103-00,
9118-0104-00,
9118-0110-00,
9118-0112-00,
9118-0113-00,
9118-0120-00,
9119-0101-00,
9119-0121-00,
9119-0127-00,
9119-0138-00,
9119-0103-00,
9119-0104-00,
9119-0109-00,
9119-0107-00,
9118-0122-00,
9119-0140-00,
9119-0141-00,
9119-0113-00,
9119-0102-00,
9813-1514-00,
9819-0204-00,
9813-1545-00,
9813-0106-38,
9813-0108-38,
9813-0113-00,
9813-0113-02,
9813-0113-03,
9813-0115-00,
9813-0119-00,
9813-0120-00,
9813-0121-00,
9813-0123-00,
9813-0125-00,
9813-0125-U0,
9813-0126-00,
9813-0127-00,
9813-0128-00,
9813-0128-U0,
9813-0129-00,
9813-0130-00,
9813-0131-00,
9813-0131-01,
9813-0131-02,
9813-0131-U0,
9813-0134-U0,
9813-0135-00,
9813-0136-00,
9813-0136-U0,
9813-0137-00,
9813-0137-U0,
9813-0138-00,
9813-0139-00,
9813-0145-00,
9813-0146-00,
9813-0148-00,
9813-0149-00,
9813-0150-00,
9813-0213-00,
9813-0214-00,
9813-0221-00,
9813-1002-00,
9813-1004-00,
9813-1010-00,
9813-1014-00,
9813-1017-00,
9813-1019-00,
9813-1020-00,
9813-0166-00,
9813-0186-00,
9813-0189-00,
9813-0190-00,
9813-0191-00,
9813-0192-00,
9813-0194-00,
9813-1024-00,
9813-1025-00,
9813-1025-U0,
9813-1026-00,
9813-1026-01,
9813-1026-U1,
9813-1028-00,
9813-1029-00,
9813-1030-00,
9813-1031-00,
9813-1031-U0,
9813-1032-00,
9813-1034-00,
9813-1036-00,
9813-1045-00,
9813-1048-00,
9813-1055-00,
9813-1063-00,
9813-1065-00,
9813-1084-00,
9813-1085-00,
9813-1094-00,
9813-1103-00,
9813-1106-00,
9813-1119-00,
9813-1120-00,
9813-1122-00,
9813-1503-00,
9813-1509-00,
9813-1510-00,
9813-0160-00,
9815-1006-00,
9819-0001-00,
9819-0001-01,
9819-0001-U0,
9819-0001-U1,
9819-0002-00,
9819-0006-00,
9819-0010-00,
9819-0010-U0,
9819-0012-00,
9819-0014-00,
9819-0014-U0,
9819-0017-00,
9819-0019-U0,
9819-0101-00,
9819-0202-00,
9819-0202-U0,
9819-0302-00,
9819-0701-00,
9819-0002-01,
9813-1513-00,
9813-1033-00,
9813-1035-00,
9813-1023-00,
9813-0133-00,
9813-0134-00,
9813-0165-00,
9813-1022-00,
9813-0109-00,
9813-0109-02,
9813-0140-00,
9813-0147-00,
9813-0227-00,
9813-0194-U0,
9813-1084-U0,
9815-1006-02,
9815-1006-03,
9819-0203-00,
9813-1550-00,
9813-1552-00,
9813-1553-00,
9813-1554-00,
9813-0108-00,
9813-0109-01,
9813-0231-00,
8203-0104-00,
8203-0209-00,
8203-0211-00,
8203-0213-00,
8203-0306-00,
8203-0407-00,
8203-0412-00,
8203-0434-00,
8203-0509-00,
8203-0509-01,
8203-0535-00,
8203-0602-00,
8203-1070-00,
9806-0101-00,
9806-0102-00,
9806-0103-00,
8203-0523-00,
8203-0825-00,
9806-0144-00,
8203-0107-01,
8203-1045-00,
9806-0371-00,
9806-0133-00,
9806-0134-00,
8203-0241-00,
8203-0452-00,
9806-0368-00,
9806-0349-00,
9806-0322-00,
9806-0344-00,
9806-0315-00,
9806-0363-00,
9806-0317-00,
9806-0332-00,
9806-0341-00,
9806-0359-00,
8203-0236-00,
9806-0303-00,
9806-0143-00,
8203-0233-00,
8203-0107-00,
8203-0117-00,
8203-0208-00,
8203-0210-00,
8203-0215-00,
8203-0216-01,
8203-0221-00,
8203-0408-00,
8203-0409-00,
8203-0410-00,
8203-0312-00,
8203-0313-00,
8203-0516-00,
8203-0518-00,
8203-0443-00,
8203-0433-00,
9022-0110-00,
9806-0122-00,
8203-0440-00,
8203-0303-01,
8541-0100-00,
1030-0103-00,
5270-0309-00,
9812-2401-00,
9812-2013-00,
8103-0302-01,
8150-0106-01,
8150-0308-00,
8150-0313-00,
8150-2217-00,
8150-2219-00,
8151-0101-00,
8151-0102-00,
8151-0103-00,
8151-0104-00,
8152-0206-00,
8153-0201-00,
8153-0202-00,
8154-0114-00,
8156-0101-00,
8156-0516-00,
8158-0706-00,
8158-0710-01,
8154-0116-00,
8156-0106-00,
8158-0709-00,
8156-0903-00,
8158-0130-00,
8158-0122-00,
8150-2222-00,
8157-0403-00,
8154-0201-00,
8158-0101-00,
8150-0301-00,
8154-0101-00,
8150-0604-00,
8154-0202-00,
8156-0501-00,
8154-0102-00,
8154-0103-00,
8154-0104-00,
8150-0302-00,
8150-0414-00,
8158-0704-00,
8159-0101-00,
8200-0101-00,
8200-0102-00,
8200-0202-00,
8152-0101-00,
8152-0102-00,
8150-0402-00,
8150-0101-00,
8150-0102-00,
8203-0128-00,
8103-0204-01,
9812-1005-00,
8103-0206-01,
8103-0303-01,
8150-0310-00,
8150-0106-00,
8150-0607-00,
8156-0515-00,
8156-0517-00,
9013-0815-00,
9013-0825-00,
9013-0827-00,
9013-0828-00,
9013-0835-00,
9013-0836-00,
9013-0837-00,
9013-0838-00,
9013-0854-00,
9013-0855-00,
9013-0856-00,
9013-0857-00,
9013-0860-00,
9013-0861-00,
9013-0862-00,
9013-0863-00,
9013-0864-00,
9013-0865-00,
9013-0866-00,
9013-0867-00,
9013-0868-00,
9013-0870-00,
9013-0873-00,
9013-0875-00,
9013-0879-00,
9013-0880-00,
9013-0886-00,
9013-0922-00,
9013-1806-00,
9013-1809-00,
9013-1834-00,
9013-1838-00,
9013-0840-00,
9013-0841-00,
9013-0842-00,
9013-0843-00,
9013-0844-00,
9013-0846-00,
9013-0847-00,
9013-0850-00,
9013-1853-00,
9013-1856-00,
9013-1857-00,
9013-1858-00,
9013-1859-00,
9013-1861-00,
9013-1862-00,
9013-1871-00,
9013-1847-00,
9016-0420-00,
9016-0421-00,
9016-0418-00,
9016-0424-00,
9016-0428-00,
9016-0429-00,
9016-0430-00,
9016-0434-00,
9016-0435-00,
9016-0432-00,
9016-0439-00,
9016-0441-00,
9016-0451-00,
9016-0453-00,
9016-0454-00,
9016-0460-00,
9016-0461-00,
9016-0462-00,
9016-0466-00,
9016-0467-00,
9016-0469-00,
9016-0470-00,
9016-0471-00,
9016-0482-00,
9016-0483-00,
9016-0491-00,
9016-0495-00,
9016-0514-00,
9016-0522-00,
9016-0523-00,
9016-0529-00,
9016-0541-00,
9016-0542-00,
9016-0543-00,
9016-0532-00,
9016-1001-00,
9016-1004-00,
9016-1007-00,
9016-1010-00,
9016-1012-00,
9016-1018-00,
9016-1019-00,
9016-1020-00,
9016-1101-00,
9016-1104-00,
9016-1109-00,
9016-1114-00,
9016-1118-00,
9016-1204-00,
9016-1217-00,
9016-1218-00,
9016-1219-00,
9016-1222-00,
9016-1233-00,
9016-1237-00,
9016-1238-00,
9016-1240-00,
9016-1241-00,
9016-1242-00,
9016-1245-00,
9016-1106-00,
9016-0448-01,
9016-1017-00,
9016-0548-00,
9016-1014-00,
9016-1253-00,
9016-1268-00,
9016-0477-02,
9016-0406-00,
9016-0409-00,
9016-0410-00,
9016-0402-00,
9016-0408-00,
9016-0414-00,
9016-0415-00,
9016-0416-00,
9016-0417-00,
9016-0419-00,
9016-0422-00,
9016-0423-00,
9016-0427-00,
9016-0431-00,
9016-0433-00,
9016-0605-00,
9016-0606-00,
9016-0607-00,
9016-0436-00,
9016-0438-00,
9016-0442-00,
9016-0440-00,
9016-0444-00,
9016-0443-00,
9016-0446-00,
9016-0447-00,
9016-0449-00,
9016-0456-00,
9013-0814-00,
9016-0455-00,
9016-0452-00,
9016-0457-00,
9013-0816-00,
9013-0817-00,
9013-0818-00,
9016-0463-00,
9016-0464-00,
9013-0823-00,
9013-0829-00,
9013-0830-00,
9013-0852-00,
9016-0477-00,
9016-0485-00,
9016-0489-00,
9013-1852-00,
9016-0499-00,
9016-0510-00,
9016-0513-00,
9013-1864-00,
9016-1016-00,
9016-1108-00,
9016-0705-00,
9013-0851-00,
9013-0839-00,
9016-0459-00,
9013-1851-00,
9016-1013-00,
9016-0448-00,
9016-0494-00,
9016-0615-00,
9016-0533-00,
9016-1009-00,
9016-0497-00,
9016-0706-00,
9016-1206-00,
9016-1011-00,
9016-1214-00,
9016-1208-00,
8009-0112-00,
8009-0393-00,
8009-0436-00,
8009-0437-00,
8009-0438-00,
8009-0580-00,
8009-0635-00,
8009-0636-00,
8009-0640-00,
8009-1675-00,
8009-1811-00,
8009-1824-00,
8009-1826-00,
8009-1827-00,
8008-0311-00,
8008-0312-00,
8008-1508-00,
8008-1509-00,
8009-1907-00,
8009-1908-00,
8009-1911-00,
8009-1913-00,
8009-1931-00,
8009-1934-00,
8009-2008-00,
8009-2011-00,
8009-2024-00,
8009-2025-00,
8009-2028-00,
8009-2717-00,
8009-2840-00,
8009-2940-00,
8009-3038-00,
8009-3040-00,
8009-3301-00,
8009-4264-00,
8009-5035-00,
8009-5038-00,
8009-5039-00,
8009-5040-00,
8009-5160-00,
8009-5163-00,
8009-5188-00,
8009-5190-00,
8009-2708-00,
8009-4101-00,
8009-4103-00,
8009-4201-00,
8051-0402-00,
8051-0501-00,
8051-0601-00,
8053-0402-00,
8053-0501-00,
8053-0601-00,
8058-0101-00,
8058-0103-00,
8058-0201-00,
8058-0203-00,
8058-0301-00,
8058-0303-00,
8052-0401-00,
8052-0501-00,
8052-0601-00,
8059-3006-00,
8059-4001-00,
8059-4002-00,
8059-4003-00,
8059-5001-00,
8059-5002-00,
8059-5003-00,
8059-6001-00,
8059-6002-00,
8059-6003-00,
8052-0407-00,
8053-0409-00,
8009-4517-00,
8008-1540-00,
8009-4516-00,
8009-0637-00,
8009-4523-00,
8009-4510-00,
8009-4508-00,
8009-5259-00,
8009-5257-00,
8009-3443-00,
8009-3441-00,
8059-2106-00,
8009-0407-00,
8009-3453-00,
8009-5272-00,
8009-4524-00,
8009-3455-00,
8009-5274-00,
8009-4528-00,
8009-5275-00,
8009-4530-00,
8009-4533-00,
8009-5277-00,
8009-4535-00,
8009-4532-00,
8009-5262-00,
8009-8022-00,
8009-8020-00,
7069-0803-02,
8009-3885-00,
8009-4786-00,
8009-3944-00,
8009-4789-00,
8009-8034-00,
8009-5339-00,
8009-7018-00,
8009-5348-00,
8009-4782-00,
8009-5347-00,
8009-7017-00,
8009-4781-00,
8009-7021-00,
8009-5351-00,
8009-4785-00,
8009-7020-00,
8009-5350-00,
8009-4784-00,
8009-7012-00,
8009-5342-00,
8009-7015-00,
8009-5345-00,
8009-5346-00,
8009-7016-00,
8009-7019-00,
8009-5349-00,
8009-4783-00,
8058-0225-00,
8058-0316-00,
8051-0401-00,
8053-0401-00,
8009-5230-00,
8009-5232-00,
8009-5231-00,
8009-8036-00,
8052-0301-00,
8051-0301-00,
8052-0101-00,
8051-0101-00,
8059-1002-00,
8059-2002-00,
8059-3002-00,
8009-3040-01,
8009-2940-01,
8009-1878-00,
8009-2840-01,
8059-2001-00,
8059-3001-00,
8059-1001-00,
8059-2003-00,
8059-1003-00,
8059-3003-00,
8008-1411-00,
8008-0314-00,
8008-1412-00,
8008-1513-00,
8008-1514-00,
8009-2007-00,
8009-2707-00,
8009-3303-00,
8009-4203-00,
8009-0251-00,
8009-0339-00,
8009-0339-01,
8009-0601-00,
8009-0643-00,
8009-1812-00,
8009-1830-00,
8008-1408-00,
8008-1409-00,
8008-1413-00,
8008-1417-00,
8009-1912-00,
8009-1937-00,
8009-2013-00,
8009-2031-00,
8009-2938-00,
8009-2939-00,
8009-3017-00,
8009-5135-00,
8051-0001-00,
8051-0026-00,
8051-0051-00,
8059-7002-00,
8545-0101-00,
8545-0103-02,
8545-0201-00,
8545-0202-00,
8545-0301-00,
8545-0307-00,
8545-0310-00,
8545-0401-00,
8545-0309-00,
8052-0406-00,
8053-0407-00,
8545-0103-00,
8545-0203-00,
8545-0306-00,
9012-0101-00,
9018-0103-00,
9018-0104-00,
8053-0301-00,
8053-0101-00,
9016-1105-00,
9018-0109-00,
5059-0103-00,
7153-0107-00,
7154-0524-00,
8100-0106-00,
8100-0118-00,
8100-0129-00,
8102-0106-00,
8102-0801-00,
8234-0005-00,
9047-0250-02,
9603-0101-00,
5048-0301-00,
6300-8411-00,
6300-9427-01,
8101-2106-00,
2002-0110-00,
8101-1001-00,
7151-2103-00,
7150-0701-00,
5007-0301-00,
7068-0801-00,
7068-1001-00,
8102-0205-00,
8102-0206-00,
8102-0208-00,
8101-0801-00,
8102-0803-00,
8102-0806-00,
8102-0211-00,
8100-0116-00,
8101-0309-00,
8101-0601-00,
8100-0111-00,
8100-0122-00,
8211-0001-00,
8241-0101-00,
5300-1110-00,
5300-1603-00,
5181-0310-00,
2002-0107-00,
7168-0103-00,
7197-0401-00,
7198-0101-00,
7150-0901-00,
7153-0104-00,
7153-0106-00,
5181-0311-00,
7150-0902-00,
9223-0012-00,
8001-0102-00,
8001-0439-00,
8232-1669-00,
